0,0,0,0,0,0,0
-0.0005011559,0.0001180172,-0.001072645,359.8817,359.8877,359.9741,0.0001830041
-0.0005745888,0.0001885891,-0.001511931,359.8225,359.8734,359.9871,0.000174448
-0.0002553463,0.000372529,-0.001502812,359.6833,359.8643,0.1151487,0.0001249961
0.0002813339,0.0005862713,-0.001188755,359.4811,359.9152,0.1449901,0.0001307101
0.0008504391,0.0004887581,-0.0007730126,359.4431,359.942,0.1468353,0.0001440214
0.001426458,0.0003017187,-0.0002391934,359.4519,359.9515,0.1294075,0.0001760122
0.001972198,0.0001089573,0.0004181266,359.4488,359.9813,0.09279289,0.0002701888
0.002377272,-9.787083E-05,0.0009709001,359.4879,359.9887,0.07625393,0.0003325953
0.002614975,-0.0002632141,0.001385093,359.5815,359.9872,0.1142561,0.0002530056
0.002656698,-0.0004074574,0.001625896,359.6056,0.0002044449,0.1973872,0.0001612483
0.00255084,-0.0004415512,0.001781404,359.5536,0.0084311,0.2750784,0.0001681218
0.002394199,-0.0004749298,0.001798034,359.4931,-0.003960985,0.3440306,0.0001890444
0.002222776,-0.0005614758,0.001840889,359.3802,0.01612572,0.35088,0.0002085369
0.00209856,-0.0006061792,0.001787901,359.2389,0.04898672,0.3423284,0.0003812773
0.001866341,-0.0007437468,0.001717865,359.0939,0.08714329,0.2556022,0.0004712639
0.001661301,-0.0008248091,0.00185746,358.9797,0.147288,0.09921335,0.0003652242
0.001672506,-0.0007224083,0.00214088,358.9656,0.2064151,0.004224332,0.0002524171
0.001779079,-0.0006991625,0.002445698,359.007,0.2859487,359.9891,0.0003436939
0.001838446,-0.0009168386,0.002783895,359.0247,0.3889578,359.9691,0.0005686064
0.002031803,-0.001300335,0.003241777,359.047,0.500889,0.06438311,0.0005978386
0.002321243,-0.001829505,0.003783822,359.125,0.5776698,0.2003231,0.0004159635
0.002538443,-0.00207901,0.004450738,359.143,0.7027048,0.1446584,0.000281559
0.002761841,-0.002115011,0.00525111,359.1782,0.8019024,0.1483674,0.0002100022
0.003017426,-0.002034664,0.006045938,359.3363,0.7965312,0.2322492,0.0001695209
0.003205538,-0.001768112,0.006803513,359.3146,0.8238256,0.1875025,0.0001494894
0.003369331,-0.001563311,0.007401645,359.2405,0.8442198,0.1354839,0.000355901
0.003548145,-0.001616478,0.007966101,359.1344,0.8789204,0.09753527,0.0006794006
0.003603458,-0.001928806,0.008562267,358.9588,1.001274,0.09107133,0.0008295682
0.003430605,-0.00243485,0.009135783,358.937,1.161302,0.1011318,0.0007594062
0.002940416,-0.003070593,0.009468079,359.1897,1.250809,0.04362705,0.0005064544
0.002212524,-0.003430605,0.009713769,359.545,1.242613,359.9886,0.0003346083
0.001332998,-0.003437519,0.009896815,359.7531,1.171646,0.01652255,0.0004934391
0.0004053116,-0.002992153,0.01021606,359.7377,0.9872033,0.1837949,0.000459483
-0.0007274151,-0.002489686,0.01071042,359.5967,0.6787142,0.3841253,0.0003059456
-0.001875401,-0.002096653,0.01135868,359.5037,0.3271617,0.5738068,0.00031503
-0.003035069,-0.001971364,0.0118227,359.5142,359.9506,0.7765831,0.0003003167
-0.004034281,-0.002019644,0.01227021,359.5866,359.596,0.9056683,0.0002671916
-0.004881382,-0.00214994,0.01263696,359.6566,359.3129,0.9825331,0.0002777374
-0.005524635,-0.002238631,0.0129391,359.7495,359.0708,1.046567,0.0004360419
-0.006074905,-0.002311826,0.01315796,359.8692,358.8651,1.143903,0.0004078845
-0.006704807,-0.002253413,0.01343632,0.01429012,358.6711,1.303153,0.0003369834
-0.007516146,-0.002107263,0.01367456,0.1828917,358.4059,1.621759,0.0003163381
-0.008318901,-0.00197506,0.01387078,0.3411039,358.139,2.008667,0.0003206577
-0.00910449,-0.001927614,0.01400036,0.426517,357.8934,2.282057,0.0003998446
-0.009784698,-0.001866102,0.01404941,0.4728255,357.6109,2.472939,0.0005320812
-0.01020074,-0.001886487,0.01398939,0.5539016,357.3305,2.553492,0.000569469
-0.01042581,-0.002009392,0.01383305,0.6706778,357.1316,2.47015,0.0006317606
-0.01049209,-0.002134562,0.01370096,0.7955742,357.0183,2.328737,0.0006046633
-0.01041532,-0.002253175,0.01364136,0.8789599,356.9257,2.18508,0.0004559409
-0.01028442,-0.002346158,0.01350576,0.8654174,356.8672,2.046913,0.0004572413
-0.01003313,-0.00245893,0.01341951,0.8622162,356.8209,1.906709,0.0004782456
-0.009806395,-0.00266993,0.01327896,0.9395975,356.7854,1.774186,0.0004487165
-0.009674311,-0.002934098,0.01317561,1.136352,356.7575,1.648255,0.0004461609
-0.009589911,-0.00338006,0.01315695,1.491876,356.7274,1.53269,0.000415149
-0.009702206,-0.004177809,0.01315331,2.103015,356.6505,1.369827,0.0004206981
-0.009854317,-0.005189419,0.01321352,2.828195,356.5276,1.117443,0.0005303597
-0.009892464,-0.005969763,0.01344562,3.403186,356.4188,0.9520846,0.0006414144
-0.009864807,-0.006713033,0.0136928,3.795586,356.402,0.8607708,0.0006937113
-0.009680748,-0.007403731,0.01399165,3.9654,356.5219,0.8026524,0.0006010605
-0.00940156,-0.0076828,0.01433885,3.894977,356.7628,0.7787952,0.0005579817
-0.009189367,-0.007623672,0.01454419,3.958987,356.9933,0.8260715,0.0005727148
-0.009059429,-0.007416964,0.01442105,4.133882,357.1388,0.7787193,0.000631384
-0.009050846,-0.007137537,0.01411641,4.12118,357.2765,0.6692879,0.0007178228
-0.009006262,-0.006944895,0.01384503,3.952391,357.3919,0.6628569,0.0007371779
-0.009144545,-0.007249713,0.01352334,3.966935,357.4509,0.57211,0.0008230123
-0.009379387,-0.007876992,0.01328415,4.181177,357.471,0.3481629,0.0006298168
-0.009613752,-0.008732438,0.01328886,4.580409,357.4072,0.1227444,0.0005582065
-0.009761333,-0.009879827,0.01352167,5.211901,357.2769,359.7095,0.0005728249
-0.009979963,-0.01111889,0.01391792,5.904254,357.1664,359.1505,0.0006305689
-0.01000857,-0.01241088,0.01463825,6.65262,357.1185,358.5564,0.0005677919
-0.01003528,-0.01366901,0.01558423,7.443744,357.1325,358.3002,0.0005403698
-0.0100832,-0.01447701,0.01660544,8.039245,357.2891,358.4635,0.0005275627
-0.01030684,-0.01488209,0.01763791,8.394934,357.4774,358.7451,0.0005502124
-0.01054025,-0.01507938,0.0186215,8.5527,357.5903,359.0154,0.0005475843
-0.01074338,-0.01527929,0.01948309,8.664957,357.6004,359.1157,0.0005657399
-0.01096416,-0.01548135,0.02000666,8.679399,357.5809,359.0147,0.0007208221
-0.01101375,-0.01541209,0.02061981,8.513729,357.6293,358.8146,0.0007785931
-0.0109601,-0.01527143,0.02101976,8.333303,357.7638,358.6287,0.0006075472
-0.01093912,-0.01505554,0.02137715,8.154635,357.9137,358.5839,0.0005232938
-0.01109838,-0.01477063,0.0217309,7.922232,358.0425,358.6665,0.0005607393
-0.01134729,-0.01443756,0.02208549,7.712363,358.1457,358.8464,0.0005778956
-0.01177597,-0.01424074,0.02240771,7.561161,358.1925,359.0514,0.0005145099
-0.0121851,-0.01397765,0.02279848,7.428861,358.1614,359.2585,0.0005413879
-0.01263452,-0.01370835,0.02330261,7.287252,358.0792,359.4211,0.0006453742
-0.0130384,-0.01346624,0.02374488,7.157835,357.932,359.5217,0.0006428657
-0.01347828,-0.01338208,0.02412653,7.049118,357.7734,359.5501,0.0007245863
-0.0137713,-0.01331615,0.02449465,6.99295,357.6216,359.5783,0.0007669719
-0.01405191,-0.01329935,0.02488363,6.961072,357.4887,359.5902,0.0008804736
-0.01429439,-0.0133369,0.02507973,6.925382,357.3869,359.6006,0.000708741
-0.01455355,-0.01339328,0.02523518,6.887636,357.2936,359.6035,0.0007206548
-0.01464653,-0.01334918,0.02533484,6.809466,357.2188,359.5805,0.0006749404
-0.01471043,-0.01322794,0.02535486,6.714669,357.1396,359.5735,0.0005676753
-0.01474595,-0.01308358,0.02532512,6.628271,357.0608,359.5553,0.0005883639
-0.01479554,-0.01298642,0.02530921,6.545553,356.9589,359.5336,0.0005620733
-0.0149138,-0.01300168,0.02525735,6.465396,356.8408,359.4698,0.0005990434
-0.01512575,-0.01300251,0.02522069,6.42193,356.6655,359.4483,0.0005401083
-0.01547647,-0.01295376,0.02528751,6.348488,356.3539,359.4698,0.0006846026
-0.01594138,-0.01289189,0.02544242,6.246254,355.9635,359.4713,0.0009127231
-0.01643777,-0.01285255,0.02548051,6.183729,355.5843,359.5114,0.0006130298
-0.01688266,-0.01276636,0.02554268,6.146982,355.2312,359.5932,0.000509925
-0.01728797,-0.012676,0.02549517,6.132428,354.9165,359.6778,0.0005388528
-0.01756692,-0.01257825,0.02542031,6.146091,354.6479,359.7466,0.0005679844
-0.0177021,-0.01249838,0.02534974,6.156065,354.4491,359.8101,0.0004711957
-0.01779985,-0.01235616,0.02527452,6.083323,354.3206,359.9138,0.0005479876
-0.01784611,-0.01219308,0.02502531,5.967635,354.2249,359.9906,0.0005534007
-0.01776958,-0.01204312,0.02459157,5.828402,354.1453,0.01542289,0.0004561691
-0.01773715,-0.0118686,0.02433538,5.672342,354.0178,0.01116113,0.0004087746
-0.01774883,-0.01168787,0.02411687,5.528533,353.8446,359.9792,0.0003608892
-0.01777887,-0.01143396,0.02391237,5.381972,353.5956,359.9693,0.0003737756
-0.01806951,-0.01119995,0.02377677,5.238382,353.2155,359.9934,0.0004437146
-0.01842856,-0.01099408,0.02366531,5.087144,352.7964,0.01807952,0.0005052281
-0.01884747,-0.01054192,0.02371049,4.817771,352.2057,0.1128104,0.0005270247
-0.01965141,-0.01011562,0.02380699,4.461164,351.3826,0.1173669,0.0004122732
-0.02051139,-0.00979352,0.02388269,4.257526,350.4982,0.1379685,0.0003611522
-0.02159643,-0.009550214,0.02399647,4.054212,349.4802,0.1014787,0.0003555639
-0.02264118,-0.009543419,0.02407295,3.963066,348.4689,0.01540872,0.0003894215
-0.02353501,-0.009840965,0.02431893,4.058177,347.5193,359.8887,0.0003975462
-0.02440429,-0.0103153,0.02459836,4.297328,346.6428,359.7184,0.0004641696
-0.02526712,-0.01103747,0.0249688,4.762383,345.8009,359.5549,0.0004704022
-0.02627063,-0.0118382,0.0253762,5.22373,344.9328,359.3379,0.0004184778
-0.02735209,-0.01242185,0.02581662,5.513398,343.9726,359.163,0.0004287223
-0.02848792,-0.0127306,0.02623165,5.625767,342.9805,358.9899,0.0005008182
-0.02969599,-0.01287222,0.02652138,5.640577,341.9807,358.8976,0.0006562878
-0.03088427,-0.01278734,0.02659035,5.557907,341.0682,358.8822,0.0005570817
-0.03185749,-0.01248741,0.02662075,5.364465,340.2863,358.8784,0.0003069028
-0.03259349,-0.01215422,0.02659637,5.154158,339.6771,358.9191,0.0002836486
-0.03312635,-0.01172221,0.02627742,4.924706,339.2915,359.0283,0.0004131888
-0.03330588,-0.01127434,0.02587593,4.725496,339.1367,359.1384,0.0004830879
-0.03321552,-0.01081538,0.02568293,4.53972,339.1663,359.2565,0.0004461533
-0.03287768,-0.0104475,0.0255118,4.385673,339.3676,359.3447,0.0003673107
-0.03241181,-0.0102936,0.02540386,4.320546,339.6476,359.362,0.0003170431
-0.03188181,-0.0103035,0.0254721,4.284407,339.9204,359.2607,0.0003263711
-0.03127766,-0.01035666,0.02558851,4.249633,340.1738,359.1084,0.000387096
-0.03078532,-0.01033425,0.02554721,4.132282,340.3651,358.9873,0.0006312165
-0.03023887,-0.01020932,0.02551812,3.988248,340.5347,358.8551,0.0006034708
-0.02978563,-0.01011121,0.02529979,3.840225,340.6588,358.7734,0.0004235045
-0.02947474,-0.009984612,0.02498817,3.637855,340.7678,358.6828,0.0004386558
-0.02906251,-0.009766102,0.0246594,3.451029,340.925,358.5496,0.0005692294
-0.02861261,-0.009567618,0.02412349,3.298049,341.1877,358.4209,0.0005421641
-0.02805805,-0.009411693,0.02362132,3.179235,341.5871,358.3479,0.0003251163
-0.02738667,-0.009274364,0.02304465,3.084351,342.1353,358.2665,0.0002648431
-0.02667975,-0.009209752,0.02251494,3.05321,342.7831,358.2591,0.000271149
-0.0261457,-0.0092448,0.02209491,3.048618,343.3504,358.318,0.000248322
-0.02566123,-0.00927949,0.02185386,3.045145,343.82,358.3474,0.0002821738
-0.0253489,-0.00940609,0.02173281,3.066426,344.1313,358.3171,0.00031884
-0.02514601,-0.00967145,0.02148801,3.142979,344.3398,358.2154,0.0002808161
-0.024966,-0.009957075,0.02124268,3.248157,344.4482,358.0966,0.0002755361
-0.02481413,-0.01016545,0.02087718,3.261636,344.5576,357.9177,0.000316035
-0.02459526,-0.01022923,0.02043825,3.26566,344.7289,357.8694,0.0003576605
-0.02427554,-0.01027513,0.02005917,3.242573,345.0088,357.9019,0.0002793415
-0.02387261,-0.01019704,0.01972568,3.226896,345.3979,357.9549,0.0002784257
-0.02343678,-0.01013851,0.01944226,3.226069,345.7876,358.0365,0.0004005321
-0.02311563,-0.01001847,0.01912069,3.216689,346.0641,358.0888,0.0004882813
-0.02289796,-0.009993434,0.01870513,3.213169,346.2232,358.0888,0.0003263676
-0.02266788,-0.01006997,0.0182398,3.212612,346.3068,358.069,0.0001884227
-0.02230024,-0.01005173,0.01782268,3.174445,346.3961,358.0482,0.0001429323
-0.02187395,-0.01010633,0.01739496,3.132149,346.5361,358.0206,0.0002233557
-0.02120185,-0.01024485,0.01688099,3.14055,346.7771,357.9719,0.0004279632
-0.02034664,-0.01039994,0.01642382,3.184199,347.1356,357.9207,0.0004996702
-0.01950955,-0.01055348,0.0159117,3.247179,347.5303,357.8951,0.0004463562
-0.01865482,-0.01074862,0.01553822,3.378787,347.9278,357.8539,0.0004336245
-0.01772308,-0.01110613,0.01514709,3.640026,348.3736,357.8596,0.0005749271
-0.01694179,-0.01139939,0.01470947,3.882471,348.7361,357.9277,0.0005372902
-0.01626182,-0.0115726,0.01433063,3.958826,348.9795,357.9397,0.0003743909
-0.01552701,-0.0115931,0.01396149,3.953012,349.2037,357.935,0.0002735585
-0.01479769,-0.0116719,0.01341194,3.908819,349.4869,357.8829,0.0002434997
-0.01390982,-0.01174915,0.01280266,3.914119,349.9052,357.8479,0.0004189724
-0.0128603,-0.01174355,0.01215547,3.893877,350.4807,357.7585,0.0005369909
-0.01175046,-0.01170886,0.0114941,3.848515,351.0988,357.614,0.0004408553
-0.01071501,-0.01183426,0.01083928,3.80923,351.8166,357.4207,0.0003362309
-0.009864092,-0.01191068,0.01019663,3.818163,352.5352,357.3928,0.0005137856
-0.009224415,-0.01182473,0.009676695,3.831007,353.1859,357.4193,0.0006355781
-0.008834124,-0.01177382,0.009194314,3.888525,353.7521,357.492,0.0006034233
-0.00860405,-0.01171911,0.008697331,3.967646,354.2067,357.6251,0.0004240693
-0.008501291,-0.01158226,0.008384824,3.988082,354.5374,357.7336,0.0002662826
-0.008615494,-0.0115335,0.007954299,3.986495,354.7431,357.7914,0.0002245229
-0.008666277,-0.01146662,0.00749892,3.961674,354.8907,357.7961,0.0002083718
-0.008816957,-0.01137614,0.007099807,3.889842,355.0392,357.7504,0.0002258791
-0.008984089,-0.01129484,0.006771684,3.804514,355.221,357.713,0.0002137151
-0.009202719,-0.01120436,0.006445229,3.707937,355.4967,357.6949,0.0001472482
-0.00942874,-0.01111197,0.006031454,3.634987,355.8892,357.6941,0.000168699
-0.009631634,-0.01100814,0.005719662,3.598219,356.3418,357.7042,0.000259649
-0.009847164,-0.01084292,0.005375206,3.581545,356.8127,357.7207,0.0002120348
-0.009941101,-0.01070929,0.005016148,3.554636,357.306,357.7371,0.0002267395
-0.009907961,-0.01053762,0.004582286,3.464171,357.867,357.6856,0.0003731668
-0.009758711,-0.01040542,0.00389719,3.295353,358.5876,357.5418,0.0003791251
-0.009152412,-0.01014924,0.003033936,3.05652,359.4891,357.3976,0.0002149471
-0.008221149,-0.009884,0.002052367,2.802462,0.6109203,357.2734,0.0001378988
-0.007277966,-0.009683967,0.0009182692,2.568621,1.828107,357.1906,0.000146127
-0.006250858,-0.009357095,-0.0001267791,2.392272,3.113742,357.1773,0.000145235
-0.005558252,-0.009040117,-0.001061499,2.396585,4.194231,357.4161,0.0001660505
-0.005275726,-0.008677125,-0.001782715,2.413738,5.045566,357.7489,0.0001276393
-0.005005836,-0.008225203,-0.002527177,2.436409,5.882248,358.2603,0.0001277339
-0.00455761,-0.007654786,-0.003289163,2.494361,6.93827,359.055,0.0001655894
-0.004103184,-0.007305503,-0.004136622,2.573652,8.049314,359.6911,0.0001396849
-0.003759623,-0.007179379,-0.004949808,2.671384,8.98842,0.1080548,0.0001494508
-0.003503084,-0.007069349,-0.005646825,2.747022,9.721478,0.3723565,0.0001716408
-0.003516197,-0.007105708,-0.006320119,2.751974,10.18124,0.434635,0.0001340741
-0.003717184,-0.007148385,-0.006823838,2.727299,10.39163,0.4346201,0.0001240998
-0.00421977,-0.007342339,-0.007254422,2.71185,10.30048,0.3653592,0.0001320396
-0.004900217,-0.007430196,-0.007704496,2.699504,9.993217,0.3410117,0.0001910235
-0.005545855,-0.007426381,-0.007939041,2.698915,9.572354,0.387725,0.0001408407
-0.006173134,-0.007399321,-0.008320749,2.72621,9.080496,0.48477,0.0001174012
-0.006561279,-0.007322669,-0.00879997,2.79773,8.598102,0.6586391,0.0001213479
-0.006764412,-0.007295609,-0.009390295,2.818071,8.138276,0.7897525,0.0001159943
-0.006739378,-0.007278919,-0.01019782,2.808708,7.71419,0.8737196,0.0001404601
-0.006408215,-0.00716722,-0.01115197,2.812824,7.330057,0.9952701,0.000130666
-0.006014824,-0.007256627,-0.01204318,2.814398,6.927909,1.047978,0.0001335868
-0.005540371,-0.007435918,-0.0129115,2.839618,6.452738,1.014271,0.0001723006
-0.004939079,-0.007709026,-0.01390356,2.940696,5.910574,0.9048992,0.000235401
-0.004380703,-0.007961988,-0.01506364,3.000551,5.464257,0.7466243,0.0001781114
-0.003668547,-0.008020401,-0.01638508,2.998918,5.120247,0.6799752,0.0001425836
-0.002822638,-0.007881641,-0.01776439,2.929826,4.92315,0.7438138,0.0001566294
-0.002065659,-0.007763267,-0.01919633,2.83035,4.783253,0.8382894,0.0001782854
-0.001358032,-0.007391572,-0.0206179,2.650441,4.637221,0.951219,0.0002291581
-0.0005755424,-0.006974339,-0.02191001,2.383183,4.473548,1.073037,0.0002023696
0.0001466274,-0.006766677,-0.02317125,2.206193,4.296363,1.188733,0.0002343255
0.0008459091,-0.006764889,-0.02455086,2.137174,4.118854,1.18773,0.0004169357
0.001564026,-0.006833553,-0.02592796,2.099007,4.003154,1.174459,0.0003977446
0.002509356,-0.006906271,-0.0272277,2.072273,3.960645,1.187933,0.0003189496
0.003522873,-0.007006288,-0.02841908,2.036073,3.929739,1.157237,0.0003722045
0.004564524,-0.007101178,-0.02967161,1.989441,3.91095,1.116197,0.0004645233
0.005606651,-0.007228017,-0.03088081,1.91651,3.888046,1.063322,0.0003028827
0.006698847,-0.007362962,-0.03202301,1.818075,3.865572,0.9886716,0.0001569556
0.007780313,-0.007485151,-0.03295529,1.690538,3.858009,0.8567549,0.000127459
0.008808374,-0.007578373,-0.03383154,1.602479,3.845518,0.7367218,0.0001262066
0.009780884,-0.007673025,-0.03459799,1.605211,3.787566,0.652432,0.0001185331
0.01066756,-0.007918954,-0.03528428,1.693101,3.668099,0.6351194,0.0001390185
0.01143909,-0.00822711,-0.03585738,1.782676,3.511278,0.6367033,0.0001598461
0.01216626,-0.008648276,-0.03642356,1.892127,3.280461,0.620253,0.0001872342
0.01287913,-0.009109497,-0.03697491,2.016431,2.999492,0.5340179,0.0002972719
0.01354313,-0.009574294,-0.03764778,2.131411,2.716743,0.4237301,0.0004776461
0.01415801,-0.009855628,-0.03839684,2.159236,2.479411,0.3173909,0.0004037668
0.01463246,-0.009959936,-0.03915018,2.135847,2.281004,0.2026322,0.0001931597
0.01491427,-0.01000535,-0.04000616,2.07038,2.091022,0.1105557,0.0001685365
0.01514268,-0.009885669,-0.0408721,1.927341,1.941142,0.03851675,0.0001352313
0.01538968,-0.009584546,-0.04177243,1.754366,1.834797,0.0210379,0.0001070315
0.01564598,-0.009518385,-0.04267168,1.619798,1.763069,359.9934,0.0001364405
0.01614213,-0.009460092,-0.04339796,1.517624,1.727855,0.01318889,0.0002107647
0.01678252,-0.009518862,-0.04410583,1.402477,1.682329,0.0473276,0.0002747044
0.01751685,-0.009690046,-0.04489601,1.305237,1.659234,0.003386349,0.000238422
0.01838851,-0.009874463,-0.045735,1.24854,1.617162,359.9141,0.000230257
0.01934791,-0.009947777,-0.0466572,1.159024,1.59663,359.741,0.0003109509
0.02025676,-0.009919405,-0.04763359,0.9900483,1.612682,359.5664,0.0003256313
0.021029,-0.00974071,-0.04853088,0.7403631,1.621466,359.4795,0.0002380096
0.02153778,-0.009425759,-0.0494554,0.4143567,1.622484,359.4557,0.0001634347
0.0218873,-0.009143472,-0.05019504,0.1494412,1.562432,359.471,0.0001829013
0.02199531,-0.008948207,-0.05086738,359.9645,1.416045,359.5537,0.0001362713
0.02182651,-0.009004712,-0.0514276,359.8651,1.159153,359.6766,0.0001171765
0.02164102,-0.009184241,-0.05187345,359.804,0.8371983,359.7682,0.0001171255
0.02158976,-0.009446621,-0.05224729,359.7935,0.5105713,359.7379,0.0001181507
0.02156329,-0.009688854,-0.05273163,359.8582,0.2273719,359.5697,0.0001125616
0.02148461,-0.009896994,-0.05330807,359.9135,0.01403322,359.3283,0.000176617
0.02119684,-0.009981632,-0.05400044,359.9069,359.8421,359.1698,0.0003060525
0.02080297,-0.009953737,-0.05460894,359.7695,359.6776,359.1543,0.0002851513
0.02042937,-0.009823203,-0.05500472,359.5579,359.4983,359.1815,0.000225662
0.01980257,-0.009863138,-0.05539763,359.4456,359.2717,359.1646,0.0003334114
0.01915598,-0.01001024,-0.05578637,359.4496,358.9925,359.1367,0.0003844695
0.01855755,-0.01033986,-0.05605471,359.5308,358.697,359.0374,0.0002582262
0.01791215,-0.01068401,-0.05638891,359.6423,358.4246,358.8792,0.0001821462
0.01714897,-0.01097572,-0.05684245,359.7178,358.1877,358.676,0.0001372741
0.01624322,-0.01118135,-0.05748743,359.7824,357.9988,358.5543,0.0001270429
0.01516247,-0.01126146,-0.05829805,359.8102,357.874,358.4938,0.0001418818
0.01404595,-0.01117635,-0.05922246,359.7154,357.8552,358.5003,0.0001722419
0.01307511,-0.01084411,-0.05990976,359.5032,358.0164,358.5747,0.0002421961
0.0120492,-0.01070583,-0.06072825,359.3371,358.3354,358.5783,0.0002125182
0.01104403,-0.01079619,-0.06149185,359.2687,358.7093,358.5798,0.0001483614
0.01001,-0.01094806,-0.06196302,359.2709,359.0687,358.5473,0.0001759847
0.008762598,-0.01126134,-0.06232655,359.3323,359.3931,358.494,0.0002245766
0.007462978,-0.01154757,-0.0625599,359.4561,359.6784,358.4801,0.0002338367
0.006056547,-0.01179779,-0.06278354,359.5268,359.9428,358.4766,0.0002176758
0.004673481,-0.01198566,-0.06280673,359.4836,0.2553117,358.4314,0.0001725206
0.003356457,-0.01209962,-0.06274605,359.4886,0.6240794,358.398,0.0002625893
0.002146959,-0.01222587,-0.06262243,359.4964,1.099865,358.3805,0.0003147178
0.001205444,-0.01221299,-0.06224102,359.4577,1.710145,358.4086,0.0002255833
0.0003106594,-0.01213062,-0.06171703,359.3925,2.352515,358.439,0.0002008936
-0.0004472733,-0.01190865,-0.0612691,359.3398,3.133169,358.4209,0.0002577232
-0.0009806156,-0.01158309,-0.06072319,359.306,4.108487,358.4671,0.0002464527
-0.001146317,-0.01116192,-0.06046081,359.2753,5.492744,358.6596,0.0001709543
-0.0009016991,-0.01083601,-0.06044161,359.2973,7.191052,358.9611,0.0002121109
-0.0005698204,-0.01051188,-0.0604378,359.3088,8.881952,359.149,0.0002904927
-0.0003626347,-0.01024866,-0.06030083,359.2786,10.17417,359.3444,0.0002447406
-0.0006437302,-0.01003921,-0.05975598,359.1666,10.92507,359.3308,0.0002352587
-0.001095772,-0.00991416,-0.05923218,359.0641,11.45259,359.1929,0.000409183
-0.001626253,-0.009915948,-0.0586344,359.0727,11.90568,359.0985,0.0004822574
-0.002150774,-0.009888768,-0.05772132,359.1846,12.2172,359.1521,0.0003743129
-0.002848625,-0.009931087,-0.05688125,359.2864,12.42685,359.2159,0.0002602488
-0.003529549,-0.009977818,-0.05609798,359.3091,12.61355,359.2358,0.0003822945
-0.004377604,-0.01007926,-0.05524248,359.3004,12.72427,359.2379,0.000522887
-0.005331755,-0.01009011,-0.05425465,359.2319,12.70941,359.2135,0.0005109657
-0.006438971,-0.01002491,-0.05323875,359.1321,12.66167,359.2015,0.000315175
-0.007562876,-0.009867311,-0.05195618,358.9885,12.60104,359.2901,0.00017472
-0.008822918,-0.009756327,-0.05070889,358.9291,12.50936,359.4612,0.0001980501
-0.01017427,-0.009744048,-0.04954106,358.9648,12.39637,359.6058,0.0003132237
-0.01179457,-0.009717584,-0.04835534,358.9879,12.26364,359.7142,0.0005240659
-0.01352882,-0.009611487,-0.04728258,358.9828,12.10916,359.8098,0.0004211701
-0.01528382,-0.009364963,-0.04606366,358.9382,11.92923,359.9357,0.00026659
-0.01710606,-0.009040475,-0.04489136,358.8983,11.76503,0.1005434,0.0002480891
-0.01891565,-0.008688331,-0.04366082,358.8571,11.6125,0.3245058,0.0002230955
-0.02065158,-0.008352876,-0.04239869,358.8142,11.46273,0.5120187,0.000168479
-0.02240491,-0.008124948,-0.04110074,358.8018,11.29023,0.6835898,0.0001673089
-0.02408671,-0.007961154,-0.03999203,358.8351,11.12034,0.8233243,0.0001648861
-0.0256536,-0.007844567,-0.03894418,358.8685,10.9517,0.9087017,0.000168931
-0.02711749,-0.007698178,-0.0380187,358.8694,10.78114,0.993292,0.0001905012
-0.02846837,-0.00742805,-0.03716707,358.789,10.60426,1.103973,0.000141364
-0.02959228,-0.007137299,-0.03639537,358.704,10.48319,1.198002,0.0001175691
-0.03049517,-0.006980777,-0.03575045,358.6696,10.41495,1.266254,0.0001418864
-0.03121567,-0.006827354,-0.03527427,358.6355,10.42063,1.350039,0.0002137605
-0.0316422,-0.006619215,-0.03478241,358.5663,10.51893,1.420187,0.0002376232
-0.03196049,-0.006561279,-0.03436893,358.5044,10.64141,1.435763,0.000179087
-0.03210449,-0.006531835,-0.03395343,358.4821,10.74509,1.440217,0.0001147831
-0.03222179,-0.006447077,-0.03357142,358.4182,10.82478,1.39352,0.0001076913
-0.03232956,-0.006430745,-0.03321493,358.3716,10.90452,1.334089,0.0001010993
-0.03237271,-0.006348014,-0.03286165,358.3652,10.93063,1.331093,0.0001597827
-0.03233743,-0.006191492,-0.03249437,358.3273,10.95694,1.336541,0.0003456248
-0.03237963,-0.006129622,-0.03221172,358.2787,10.96578,1.353004,0.0003655786
-0.03230429,-0.005994797,-0.03181714,358.2449,10.94407,1.373123,0.0002307146
-0.03223419,-0.005973816,-0.03159261,358.1786,10.92964,1.38952,0.0002107907
-0.03199697,-0.005705953,-0.03131717,358.0992,10.93739,1.420617,0.0002944441
-0.03169012,-0.005598903,-0.03105152,358.0121,10.95687,1.475116,0.0002604992
-0.03127193,-0.005369067,-0.03076333,357.8467,10.96722,1.503587,0.0002211019
-0.03096032,-0.005322814,-0.03054446,357.5987,10.95442,1.490509,0.0002904137
-0.03045535,-0.005068421,-0.03018171,357.3743,10.94593,1.449559,0.0002636065
-0.02996087,-0.004932761,-0.02971029,357.2216,10.90968,1.380155,0.0002147778
-0.02943158,-0.004915237,-0.02910298,357.1755,10.82938,1.304374,0.0002799648
-0.02897429,-0.004900575,-0.02852124,357.1747,10.71518,1.256386,0.0002785909
-0.02852225,-0.004925251,-0.0277251,357.1678,10.55705,1.220782,0.0002253631
-0.0281837,-0.005017757,-0.02687919,357.1419,10.41393,1.193496,0.000146072
-0.02803969,-0.00513947,-0.02596396,357.1756,10.2122,1.251859,0.0001329587
-0.0281961,-0.005230546,-0.02494657,357.2178,9.855828,1.385717,0.0001289191
-0.0285666,-0.005264282,-0.0238803,357.3078,9.307841,1.614043,0.000123226
-0.02906728,-0.005265594,-0.02281696,357.3733,8.626455,1.870034,0.0001060692
-0.02955961,-0.005196214,-0.02184975,357.3952,7.921547,2.096626,0.0001484977
-0.03002954,-0.005193353,-0.0210191,357.3991,7.216897,2.26792,0.0002833926
-0.03042984,-0.005277991,-0.02041817,357.4349,6.599848,2.365767,0.0003023778
-0.03093028,-0.005410552,-0.01992041,357.5082,6.013289,2.463989,0.0001504159
-0.03164673,-0.005505204,-0.0194689,357.5928,5.422927,2.599137,9.679599E-05
-0.03253794,-0.005627394,-0.0190593,357.7007,4.747687,2.779751,0.0001036259
-0.0335927,-0.00572896,-0.01849163,357.769,3.970815,2.933951,0.0001828226
-0.03488088,-0.005709291,-0.01772946,357.8133,3.069975,3.059582,0.0003155958
-0.03640461,-0.005689502,-0.01699847,357.8802,2.045685,3.18674,0.0003972977
-0.03802228,-0.005641699,-0.01613915,357.9985,0.972056,3.371793,0.0003682483
-0.03971672,-0.005605221,-0.01523721,358.128,359.9059,3.541203,0.0002678592
-0.0411694,-0.00545752,-0.01442897,358.2359,359.0185,3.75485,0.0002700393
-0.04234624,-0.005384207,-0.01385289,358.3614,358.485,4.006596,0.0004868501
-0.04313207,-0.005217195,-0.01344067,358.476,358.1584,4.215405,0.0005989649
-0.04380488,-0.005004883,-0.01296735,358.5252,357.8633,4.360246,0.0004728285
-0.04459429,-0.00487113,-0.01252425,358.5685,357.5116,4.442542,0.0002335557
-0.0454092,-0.004787803,-0.01202935,358.5983,357.0424,4.43638,0.0003525168
-0.04629922,-0.004703403,-0.01155031,358.6177,356.5284,4.360492,0.0005954152
-0.04718399,-0.004744172,-0.01109189,358.6718,355.9681,4.282769,0.0005045548
-0.04808497,-0.004686952,-0.01053631,358.7062,355.3037,4.188453,0.0002264349
-0.04912972,-0.004768848,-0.009983778,358.7127,354.524,3.990944,0.0001692675
-0.05019689,-0.004823685,-0.009447753,358.6235,353.67,3.684434,0.0002764188
-0.05132794,-0.004872918,-0.008879304,358.4765,352.6872,3.277433,0.0003829455
-0.05251145,-0.005020261,-0.008308947,358.3545,351.5258,2.760164,0.000520146
-0.05378437,-0.005291104,-0.007875323,358.3449,350.2953,2.207816,0.0005597404
-0.05496979,-0.005630732,-0.00744921,358.412,349.0758,1.727306,0.0003879151
-0.0559938,-0.005856991,-0.007078648,358.4765,347.9519,1.381673,0.0002524476
-0.05700302,-0.006070614,-0.006558359,358.5757,346.8674,1.180224,0.0002998696
-0.0581255,-0.006271362,-0.006076872,358.7224,345.7607,1.085043,0.0004210235
-0.05938792,-0.006454945,-0.005783737,358.8818,344.5817,1.018501,0.0004976018
-0.06065726,-0.006590009,-0.005527794,359.0258,343.4074,1.015633,0.0003132497
-0.06201768,-0.006759763,-0.005410552,359.1891,342.2311,1.075522,0.0001815658
-0.06342649,-0.006884217,-0.005489111,359.3289,341.0173,1.17591,0.0002850815
-0.06480289,-0.006712794,-0.005576015,359.3962,339.7398,1.342031,0.000378758
-0.06610966,-0.006472588,-0.005687952,359.4189,338.5806,1.574735,0.0003068837
-0.06727457,-0.006352186,-0.005833864,359.4818,337.5297,1.874099,0.0002093891
-0.0681777,-0.006346107,-0.006067991,359.6505,336.6449,2.151876,0.0002059996
-0.06879354,-0.006376147,-0.006327152,359.8363,335.9919,2.44521,0.0002728202
-0.06932688,-0.006348372,-0.0066697,359.9172,335.3857,2.756325,0.0002653301
-0.06994963,-0.006251812,-0.007108748,359.8406,334.6596,2.906372,0.0001771119
-0.0705204,-0.006127477,-0.007602394,359.7017,333.8848,2.929058,0.0001344401
-0.07095337,-0.006008863,-0.008140862,359.5875,333.1684,2.917274,0.00012671
-0.07131863,-0.005985379,-0.008728087,359.5111,332.5233,2.933441,0.0001275667
-0.07151246,-0.006033182,-0.009238839,359.4802,332.0118,2.962857,0.0001179738
-0.07153392,-0.006061912,-0.009814322,359.4927,331.6528,3.002503,0.0001766524
-0.07122421,-0.00611341,-0.0103246,359.5166,331.4481,3.089731,0.0002338266
-0.07083392,-0.006144762,-0.01095033,359.4909,331.2668,3.154718,0.0002684251
-0.07022905,-0.006070256,-0.01149291,359.4051,331.1009,3.159098,0.0005211633
-0.06962872,-0.005951881,-0.01214439,359.2666,330.9115,3.115461,0.0005966005
-0.06898999,-0.005762935,-0.01277411,359.0885,330.7054,3.079226,0.0004563756
-0.06830287,-0.005596876,-0.01333219,358.9375,330.5104,3.052645,0.0002934592
-0.0675621,-0.005561233,-0.01394022,358.8679,330.3514,3.037156,0.0003397074
-0.0667913,-0.005739331,-0.01447874,358.85,330.2567,3.048456,0.0003616346
-0.06598139,-0.005850673,-0.01490045,358.8392,330.1928,3.054738,0.0003469008
-0.06518602,-0.005995393,-0.01535624,358.839,330.1292,3.054034,0.0002966404
-0.06450343,-0.006131768,-0.01578552,358.8177,330.0309,3.073449,0.000211891
-0.06382012,-0.006190896,-0.01622117,358.7675,329.8926,3.106385,0.0002540307
-0.063236,-0.006299376,-0.01660728,358.718,329.7242,3.112407,0.0004025347
-0.06271601,-0.00632298,-0.01697093,358.6669,329.5343,3.127423,0.0004810156
-0.06234264,-0.00635922,-0.01742989,358.6477,329.2968,3.170322,0.0005340851
-0.06201577,-0.006363988,-0.01781231,358.6012,328.9992,3.213338,0.0004195986
-0.06171322,-0.006308317,-0.01821101,358.5446,328.6639,3.279202,0.0002952376
-0.0614171,-0.006209373,-0.01859462,358.5091,328.3253,3.332123,0.0002492226
-0.06112003,-0.00623107,-0.01911986,358.5162,328.0178,3.357225,0.0003893511
-0.06077075,-0.006244063,-0.01950341,358.5123,327.7989,3.414739,0.0004407452
-0.06056118,-0.006227255,-0.01995009,358.4007,327.5698,3.457954,0.0002720646
-0.06033659,-0.006189823,-0.02026945,358.2752,327.3037,3.48383,0.0003419344
-0.06030464,-0.00616312,-0.02048129,358.1154,326.9861,3.472668,0.0006168021
-0.06043267,-0.006042957,-0.02056122,357.9867,326.5963,3.44769,0.0006944772
-0.06087279,-0.005914807,-0.02071577,357.8688,326.1194,3.42084,0.0004376556
-0.06141925,-0.005771875,-0.02083653,357.7944,325.5357,3.418805,0.0002614339
-0.06209373,-0.005724549,-0.02097607,357.7818,324.881,3.507573,0.0001928029
-0.06294584,-0.00574255,-0.02098978,357.6822,324.1425,3.54907,0.0001809104
-0.0637784,-0.005762339,-0.02090704,357.6265,323.3747,3.555864,0.0001807333
-0.06469393,-0.005789161,-0.02085119,357.5792,322.5686,3.570457,0.0001412331
-0.06555605,-0.005692363,-0.02086884,357.5085,321.8069,3.53309,0.0001643568
-0.06618643,-0.005660772,-0.02080655,357.4766,321.2377,3.537935,0.0003355611
-0.06661177,-0.005591869,-0.02074611,357.4221,320.9079,3.549732,0.0005311451
-0.06676555,-0.005466819,-0.02067548,357.3365,320.822,3.572789,0.0005099185
-0.06655598,-0.005378962,-0.02047759,357.2794,320.9844,3.607595,0.0004769822
-0.06615305,-0.005437136,-0.02038419,357.2942,321.3311,3.592897,0.0003703372
-0.06558466,-0.005527616,-0.02027708,357.2954,321.7787,3.518832,0.0002458185
-0.06468701,-0.005573273,-0.02018702,357.2759,322.3741,3.430746,0.0001621281
-0.06368351,-0.005550742,-0.02017802,357.1968,323.0742,3.370037,0.0001487795
-0.06249475,-0.005280852,-0.02011853,357.0728,323.8722,3.318775,0.0002805539
-0.0612309,-0.005144,-0.02025849,356.946,324.7783,3.281414,0.0004092237
-0.05989385,-0.004784822,-0.02040881,356.7817,325.7304,3.297694,0.0004089355
-0.05875564,-0.004581451,-0.02071148,356.6357,326.6282,3.359333,0.000282093
-0.05781364,-0.004234672,-0.0211333,356.4252,327.3399,3.387373,0.0001873467
-0.05704212,-0.004055619,-0.02160263,356.2493,327.9603,3.386433,0.0001810825
-0.05622864,-0.00394237,-0.02209693,356.1193,328.5015,3.355644,0.0001865146
-0.05548143,-0.003935575,-0.02245837,356.0142,328.9787,3.303602,0.0001292557
-0.05495358,-0.00404644,-0.02274543,355.9317,329.3324,3.282003,0.0001053281
-0.05449438,-0.004049182,-0.02286536,355.8603,329.6082,3.171923,0.0001052265
-0.05425572,-0.004107356,-0.02311707,355.8605,329.7604,3.111861,0.0001063166
-0.05406427,-0.004059792,-0.02320468,355.8906,329.8132,3.057853,0.000126921
-0.05405068,-0.004186749,-0.02330619,355.9621,329.8051,3.007453,0.0001187791
-0.0541625,-0.004363894,-0.02339876,356.03,329.791,2.97625,0.0001243641
-0.05421925,-0.004507303,-0.02351344,356.0847,329.8222,2.945924,0.0001137948
-0.05422711,-0.004547954,-0.02358514,356.1422,329.9113,2.936852,0.0001378012
-0.05428696,-0.004584074,-0.02369314,356.1644,330.0853,2.893372,0.0002584788
-0.05418587,-0.004638791,-0.023682,356.2303,330.3111,2.852762,0.0002514861
-0.05409765,-0.004784107,-0.02375782,356.2876,330.6752,2.744013,0.0001759022
-0.05389595,-0.004839182,-0.02378672,356.3434,331.1532,2.61975,0.0002033368
-0.05368614,-0.005053878,-0.02385318,356.4168,331.735,2.513105,0.0002045116
-0.05338907,-0.005253196,-0.02372992,356.5316,332.4279,2.391512,0.0001988554
-0.05308247,-0.005439162,-0.0235762,356.6587,333.2531,2.255389,0.0002936561
-0.05274868,-0.005546927,-0.02339035,356.8127,334.1236,2.135624,0.0003716894
-0.05237055,-0.005623937,-0.02326483,356.9762,335.043,1.980997,0.0002601084
-0.05209684,-0.005859613,-0.02309424,357.1566,336.0336,1.795057,0.0002136853
-0.05189776,-0.006089568,-0.02297091,357.3783,337.0181,1.676555,0.0002804868
-0.05187416,-0.006247282,-0.02280724,357.5576,337.9077,1.525675,0.0003048767
-0.05211568,-0.006715059,-0.02288789,357.7744,338.8316,1.247504,0.0002627362
-0.05241942,-0.00704813,-0.02293575,357.9796,339.6786,0.9252024,0.000363355
-0.05272245,-0.00740099,-0.02293551,358.1945,340.5656,0.5769066,0.0005011206
-0.05317807,-0.007905006,-0.02312475,358.5483,341.5658,0.3372274,0.0003381568
-0.05352402,-0.008295536,-0.02336979,358.9482,342.7065,0.1426625,0.0002767424
-0.05384016,-0.008639336,-0.02380097,359.3134,343.8664,0.07144816,0.0005009997
-0.05425739,-0.008938074,-0.02422476,359.5812,345.0131,359.9018,0.0005829957
-0.05458641,-0.009232759,-0.02487016,359.8206,346.1967,359.7921,0.0005092862
-0.05503416,-0.009256363,-0.02555239,359.9279,347.3206,359.769,0.0004146816
-0.05585432,-0.009261012,-0.02662933,359.9095,349.0666,359.6675,0.000291759
-0.05624604,-0.009305954,-0.02714932,359.9842,349.6772,359.6578,0.0001888516
-0.05756402,-0.009313703,-0.02852947,0.1555262,351.369,359.7013,0.00018002
-0.05818796,-0.009230852,-0.028952,0.1670276,351.8941,359.7131,0.0002168211
-0.06044126,-0.008976221,-0.03025705,0.1521229,353.2227,359.9004,0.0002074308
-0.06133533,-0.008894682,-0.03066462,0.1400557,353.595,359.9854,0.0001748025
-0.063241,-0.008739829,-0.03146911,0.09096109,354.2024,0.1928125,0.0001326551
-0.06516004,-0.008559942,-0.03220731,0.0253387,354.7076,0.4164665,0.0001512953
-0.06697822,-0.008311629,-0.03264964,359.9528,355.0606,0.6449451,0.0003143859
-0.06957769,-0.008002758,-0.03333628,359.8638,355.4401,0.8829007,0.0005826108
-0.07123542,-0.00794661,-0.03383762,359.8403,355.6328,0.9582335,0.0005953857
-0.07206559,-0.007939935,-0.03411329,359.8243,355.7284,0.9968892,0.000281998
-0.07413602,-0.007727861,-0.03484774,359.7154,355.9931,1.131939,0.0002207344
-0.07533288,-0.007565141,-0.03527349,359.6158,356.2032,1.226911,0.0002112036
-0.0758431,-0.007483125,-0.03544182,359.5728,356.3123,1.314736,0.0001727109
-0.07672954,-0.007444739,-0.03567314,359.5448,356.5286,1.523158,0.0001299546
-0.07733917,-0.007461667,-0.03567725,359.5809,356.7013,1.724561,0.0001163496
-0.07780981,-0.007597804,-0.0355255,359.7278,356.8625,1.870692,0.000131803
-0.07814932,-0.007965088,-0.035043,0.1279019,357.1444,2.013177,0.0002016383
-0.07810354,-0.008234262,-0.03470993,0.3663373,357.3814,2.148076,0.0003584924
-0.07794142,-0.008371472,-0.03454429,0.4997211,357.5255,2.220178,0.0004978513
-0.0770638,-0.009069324,-0.03433472,0.9215087,358.0503,2.374594,0.0005433229
-0.07654905,-0.009322882,-0.03430676,1.046608,358.2582,2.382507,0.0004492777
-0.07481551,-0.00974071,-0.03438836,1.200155,358.8872,2.348217,0.0002863712
-0.07337618,-0.009645462,-0.03457206,1.143249,359.3285,2.326088,0.0002156395
-0.07261443,-0.009526849,-0.03471965,1.086734,359.5697,2.34403,0.0002032031
-0.07020092,-0.009129286,-0.03538996,0.7867503,0.3071541,2.37636,0.0001517299
-0.06866407,-0.008922338,-0.03601557,0.6338488,0.8452509,2.333303,0.0001696166
-0.06784296,-0.008740425,-0.0363152,0.5430234,1.12039,2.293358,0.0001858491
-0.06536746,-0.008584619,-0.03705406,0.3085687,1.836949,2.175217,0.0001536326
-0.06375194,-0.00877583,-0.03756273,0.3231818,2.191008,2.028036,0.0001342413
-0.0620122,-0.009004712,-0.03800559,0.4075614,2.571991,1.767435,0.0001354613
-0.06022882,-0.009346485,-0.03839958,0.4778896,3.077096,1.436123,0.0001231615
-0.05852365,-0.009851336,-0.03896588,0.5717947,3.66221,1.185212,0.0001200908
-0.05682993,-0.01028955,-0.03948891,0.7144801,4.309745,1.010047,0.0001720515
-0.05511498,-0.01066673,-0.04007649,0.821207,5.048449,0.8526461,0.0003388227
-0.05353618,-0.01101708,-0.04059982,0.912079,5.770011,0.7343734,0.0006024868
-0.05219531,-0.0111692,-0.04103339,0.942371,6.392428,0.652978,0.0006568977
-0.05122781,-0.01112425,-0.04130858,0.8965121,6.811586,0.691862,0.000413251
-0.05072117,-0.01091003,-0.04163551,0.6732051,7.060756,0.8051438,0.0005010627
-0.05024385,-0.01019585,-0.04198599,0.2070585,7.314648,1.041053,0.0005563812
-0.04986715,-0.009250522,-0.04248101,359.5931,7.579597,1.379495,0.0003792153
-0.0495863,-0.00822103,-0.04301292,358.8999,7.860166,1.731043,0.0002345224
-0.04946685,-0.007670641,-0.04328537,358.5273,8.031996,1.918801,0.000279318
-0.0491786,-0.006235719,-0.04400891,357.6258,8.544045,2.484617,0.0003963481
-0.04907775,-0.005545974,-0.04450226,357.1625,8.888853,2.812891,0.0005370819
-0.04902029,-0.005201459,-0.04466569,356.9571,9.074022,2.956201,0.0005631621
-0.04884696,-0.004644871,-0.04501063,356.6197,9.539557,3.314776,0.0003844062
-0.04869223,-0.004571319,-0.04506075,356.6054,9.797224,3.445716,0.0003125605
-0.04849601,-0.004816413,-0.04481989,356.795,9.960939,3.43867,0.0004718403
-0.04827571,-0.00530982,-0.04454583,357.0904,10.08166,3.38681,0.0004878774
-0.04787445,-0.005819559,-0.04423416,357.3915,10.33851,3.346956,0.0003252991
-0.04764128,-0.006103158,-0.04411507,357.57,10.48591,3.325904,0.0002495929
-0.04688525,-0.00680089,-0.04389775,357.9512,10.97507,3.249334,0.000409403
-0.04634905,-0.006988764,-0.04388148,358.0417,11.35602,3.223353,0.0004502106
-0.04603887,-0.006991744,-0.0440076,358.0279,11.57399,3.223597,0.0003686806
-0.04521489,-0.00693965,-0.04457223,357.8305,12.06608,3.106874,0.0002423337
-0.04451418,-0.006613255,-0.04488379,357.5779,12.47192,3.12493,0.0001368067
-0.04378319,-0.006273031,-0.04541779,357.3469,13.12459,3.220937,0.0001806286
-0.04294324,-0.006102562,-0.04599279,357.2245,13.84497,3.274339,0.0002627462
-0.04242516,-0.006054044,-0.04670751,357.1374,14.44736,3.298068,0.000392877
-0.04212737,-0.005961537,-0.04732764,356.9856,14.87106,3.265837,0.0004386008
-0.04202747,-0.005693078,-0.0477708,356.6796,15.07416,3.26027,0.0002427333
-0.04220963,-0.005205154,-0.0481115,356.21,15.09807,3.345969,0.0001366261
-0.04256654,-0.004272103,-0.04841375,355.5052,14.95566,3.589323,0.0001979466
-0.04325771,-0.003000259,-0.0487318,354.4711,14.6927,3.958196,0.0003817172
-0.0436852,-0.002191067,-0.04891229,353.8754,14.53306,4.162534,0.0004019718
-0.04501343,0.0006661415,-0.04991013,351.8226,14.0625,5.09417,0.0002446116
-0.04607677,0.002376556,-0.05097163,350.578,13.77163,5.64665,0.000283943
-0.04712844,0.003628254,-0.05198741,349.6406,13.45063,6.058983,0.0004906182
-0.04801846,0.004543424,-0.05290169,348.8867,13.13502,6.415771,0.0004934365
-0.04870415,0.005223274,-0.05365378,348.3029,12.90281,6.691247,0.000313878
-0.04921865,0.005655766,-0.05423486,347.8782,12.70862,6.867862,0.0004101042
-0.04964662,0.005933404,-0.05475169,347.5252,12.55904,6.987034,0.0006038632
-0.04981995,0.006221771,-0.055152,347.2525,12.43832,7.046312,0.000590053
-0.04989672,0.006472349,-0.05543083,347.0986,12.34663,7.139885,0.0003567279
-0.05000615,0.00669837,-0.05570489,346.9737,12.29051,7.258109,0.0002191682
-0.05007601,0.006830335,-0.05604392,346.8988,12.23952,7.329194,0.0001381209
-0.05016112,0.006863832,-0.0564788,346.8343,12.1725,7.38727,0.0001187272
-0.05014038,0.006866813,-0.05677873,346.7909,12.10028,7.387049,0.0001576687
-0.05006647,0.006922245,-0.05701101,346.7258,12.003,7.405175,0.0002294042
-0.04996204,0.007054329,-0.05720472,346.6477,11.87596,7.446722,0.000192935
-0.04985714,0.007137775,-0.05739987,346.654,11.72147,7.466859,0.000159697
-0.04983902,0.007019639,-0.05755013,346.7508,11.50533,7.489824,0.00015208
-0.0497272,0.006891131,-0.05754018,346.9557,11.22546,7.463319,0.0001949551
-0.049541,0.006715655,-0.05733424,347.192,10.90111,7.457737,0.0002132607
-0.04939985,0.006375909,-0.0571593,347.5009,10.58883,7.42493,0.0003092299
-0.04911184,0.006016731,-0.05681753,347.8916,10.28522,7.410595,0.0003696152
-0.04884481,0.005547523,-0.05635792,348.2941,10.02326,7.381623,0.0003272255
-0.04865503,0.005269527,-0.05603325,348.488,9.896611,7.367707,0.0001986615
-0.04804897,0.004897594,-0.05525082,348.9303,9.552287,7.399259,0.0001344816
-0.04775047,0.004685521,-0.0549438,349.1675,9.306761,7.502906,0.0001372689
-0.04739571,0.004546165,-0.05468023,349.3414,9.108999,7.669635,0.0001222353
-0.04702401,0.004431605,-0.05460405,349.5834,8.904912,7.834755,0.0001365557
-0.04641128,0.004413366,-0.05452317,349.7796,8.696028,7.952282,0.0001942019
-0.04568291,0.004406571,-0.05454546,349.8783,8.504729,8.020431,0.0001560759
-0.04487371,0.004406691,-0.05473244,349.9496,8.318227,8.05521,0.0001305383
-0.0439198,0.004370213,-0.05507904,350.0598,8.14521,8.039584,0.0001742581
-0.04283357,0.004196644,-0.05536413,350.1874,7.987455,7.931926,0.0002405829
-0.04162526,0.003843904,-0.05572128,350.3407,7.850157,7.726854,0.0002656734
-0.04025054,0.003398657,-0.05607814,350.5604,7.731985,7.391772,0.0002419137
-0.03876019,0.002935529,-0.05646557,350.8316,7.67922,7.025804,0.0002406846
-0.03719187,0.002191901,-0.05697918,351.1818,7.719988,6.544728,0.0002834803
-0.03567696,0.001270294,-0.05747259,351.6227,7.786086,5.9448,0.0003243467
-0.03424788,0.0002377033,-0.05777103,352.1292,7.833267,5.210341,0.0001800262
-0.0330286,-0.0009124279,-0.05809897,352.6909,7.882701,4.359886,0.0001706776
-0.03209734,-0.00239563,-0.05822593,353.462,7.880466,3.423835,0.0002528259
-0.03138185,-0.004015088,-0.05817765,354.3556,7.74403,2.526188,0.0002023224
-0.03091311,-0.005821943,-0.05804616,355.3837,7.53325,1.519815,0.0002236856
-0.03060651,-0.007945061,-0.05780816,356.5718,7.229442,0.1745111,0.000160844
-0.03038526,-0.01009798,-0.05739176,357.7188,6.849454,358.9433,0.0001895082
-0.03018522,-0.01089013,-0.05711466,358.1924,6.693327,358.5751,0.0001941109
-0.02952409,-0.01224709,-0.05609727,359.0772,6.632333,357.982,0.000179009
-0.0292232,-0.01245046,-0.0554052,359.3341,6.838185,358.0929,0.0001516569
-0.02898526,-0.0123353,-0.05490869,359.4677,7.117333,358.3485,0.0001540287
-0.0289979,-0.01217663,-0.05453748,359.5586,7.353928,358.5306,0.0001899001
-0.0290401,-0.01203001,-0.05429399,359.5215,7.524414,358.567,0.0002576948
-0.02912569,-0.01186252,-0.05406982,359.3851,7.716949,358.5141,0.0002262711
-0.02910638,-0.01172256,-0.05370027,359.2775,7.96663,358.4072,0.0001911094
-0.02904701,-0.01176345,-0.05324858,359.2423,8.273623,358.2588,0.000189705
-0.02918768,-0.01218712,-0.05278498,359.3864,8.56848,358.0677,0.000201361
-0.02946877,-0.01284242,-0.05213666,359.7218,8.783082,357.83,0.0002219897
-0.02973771,-0.01335549,-0.05114537,0.0778214,8.937423,357.6452,0.0002188729
-0.03018808,-0.0139159,-0.0500049,0.4554543,8.991693,357.5183,0.0001474554
-0.0308063,-0.0142343,-0.04884958,0.744605,8.9484,357.5175,0.0001466218
-0.03151941,-0.01438534,-0.04758346,0.9075004,8.827041,357.5436,0.000185289
-0.03246379,-0.01457584,-0.04633093,1.020207,8.635918,357.5818,0.0001810507
-0.03346467,-0.01463902,-0.0452137,1.073623,8.388492,357.6472,0.0001303024
-0.03441882,-0.014727,-0.04410595,1.136198,8.131168,357.6616,0.0001055468
-0.035357,-0.01491427,-0.04282576,1.18562,7.834413,357.6225,0.0001171377
-0.03625917,-0.01490963,-0.04150128,1.222276,7.528793,357.6139,0.0001078773
-0.0372498,-0.01497781,-0.04029638,1.340397,7.234886,357.6871,0.0001396822
-0.03826332,-0.015149,-0.03925359,1.519264,7.015074,357.8014,0.0002863154
-0.03911567,-0.01519501,-0.03821623,1.640052,6.860602,357.9996,0.0003176982
-0.03982186,-0.01517534,-0.03728616,1.682016,6.760989,358.2195,0.0002966917
-0.04018068,-0.01513541,-0.03637558,1.723858,6.681065,358.4346,0.0003462363
-0.04035854,-0.01509273,-0.03556472,1.803334,6.585382,358.5748,0.0003252184
-0.04047656,-0.01512945,-0.03482783,1.884184,6.477307,358.6371,0.0002260581
-0.0404892,-0.01520813,-0.0341478,1.989274,6.323577,358.7039,0.0001366385
-0.04037929,-0.01535583,-0.03347534,2.084193,6.09986,358.7568,0.0001402515
-0.0402956,-0.0154506,-0.03290021,2.126822,5.839035,358.7853,0.0001774418
-0.04007053,-0.01556695,-0.03253162,2.156585,5.563335,358.797,0.000267561
-0.0396924,-0.0156759,-0.03207511,2.215786,5.297373,358.8063,0.0002616694
-0.03924084,-0.01589561,-0.03180927,2.294269,5.104702,358.7947,0.0002287679
-0.03858852,-0.01599514,-0.03172886,2.380304,4.966723,358.8151,0.0004250741
-0.03790092,-0.01603222,-0.03179818,2.425318,4.810515,358.8442,0.0004165295
-0.03728199,-0.01607358,-0.03191358,2.455086,4.543499,358.8899,0.0002420137
-0.036731,-0.01602364,-0.03212249,2.451794,4.105239,358.9392,0.0002714474
-0.03622079,-0.01592147,-0.03232169,2.399665,3.541382,359.0073,0.0003486702
-0.0358479,-0.01579523,-0.03263837,2.33831,2.786327,359.076,0.000261633
-0.03567958,-0.01563752,-0.03294307,2.297801,1.765986,359.1242,0.000206907
-0.03582573,-0.01550019,-0.03311616,2.2074,0.406956,359.085,0.0003264897
-0.03616881,-0.01540411,-0.03313839,2.006174,358.7622,358.9332,0.0003287101
-0.03668928,-0.01534271,-0.03300798,1.693399,356.7308,358.6318,0.000257523
-0.03732872,-0.01542234,-0.03285575,1.322073,354.646,358.1315,0.0002073341
-0.03794503,-0.01544797,-0.03284311,0.9283671,352.5916,357.657,0.0001594544
-0.03848314,-0.01540804,-0.03289539,0.5160828,350.6509,357.2054,0.0001758197
-0.0389955,-0.01542199,-0.03309649,0.1910661,348.9597,356.8516,0.0003138408
-0.03937006,-0.0153867,-0.03349102,359.9181,347.5427,356.6554,0.0001891128
-0.03956413,-0.01528299,-0.03397745,359.7163,346.4791,356.5868,0.0001713154
-0.03937387,-0.01510406,-0.03454065,359.5801,345.7705,356.6822,0.0002392468
-0.03898668,-0.01492977,-0.03521669,359.5027,345.3799,356.8511,0.0003648429
-0.03855991,-0.014588,-0.03586185,359.3264,345.0998,357.0674,0.000286995
-0.03816938,-0.01423764,-0.03651595,359.1063,344.8927,357.2139,0.0001586705
-0.03774762,-0.01404142,-0.0371725,358.9281,344.7498,357.3145,0.0001108255
-0.03733039,-0.0137769,-0.03777981,358.756,344.5769,357.3529,0.0001158518
-0.03714871,-0.01357996,-0.03832471,358.5866,344.3499,357.3654,0.0001424829
-0.03717184,-0.01352668,-0.03889787,358.4702,344.1111,357.3697,0.0001573943
-0.03720236,-0.01328838,-0.03931338,358.3379,343.8994,357.4596,0.0001687265
-0.037323,-0.01288164,-0.03973585,358.0947,343.7603,357.6528,0.0002116556
-0.03743172,-0.01242542,-0.04010189,357.806,343.6347,357.9294,0.0002409876
-0.03770161,-0.01188087,-0.04034019,357.4605,343.4989,358.2086,0.0002085489
-0.0381844,-0.01139855,-0.04053831,357.1021,343.3517,358.4291,0.00015432
-0.03865099,-0.01091194,-0.04069459,356.8289,343.1968,358.6006,0.0001651935
-0.03919768,-0.01052117,-0.04077107,356.6268,343.0311,358.7416,0.0002104199
-0.03973341,-0.01022744,-0.04061848,356.4731,342.8731,358.8539,0.0002136917
-0.0403235,-0.0101285,-0.04035449,356.3797,342.6509,358.9599,0.0001951201
-0.04101157,-0.01011169,-0.03994596,356.3528,342.3212,359.0026,0.0001562887
-0.04172444,-0.01028621,-0.03949928,356.4349,341.9549,358.9659,0.0001917059
-0.04249859,-0.01052213,-0.03908014,356.5839,341.5873,358.9276,0.000337827
-0.04312015,-0.01075315,-0.03868133,356.7463,341.318,358.8885,0.0003657711
-0.04354239,-0.01094604,-0.03822351,356.8852,341.1846,358.8874,0.0002988894
-0.04380751,-0.01103902,-0.03779399,356.9554,341.1441,358.9171,0.000190035
-0.04404521,-0.01107144,-0.03756982,356.9429,341.1541,358.9445,0.0001676913
-0.04412675,-0.01103866,-0.03746039,356.9303,341.2222,358.9557,0.0002452678
-0.04410982,-0.01092708,-0.0373655,356.8872,341.2774,358.9985,0.0002840619
-0.04418874,-0.01082432,-0.03729802,356.8535,341.2862,359.0581,0.0002439787
-0.04418087,-0.01065743,-0.0372982,356.7774,341.299,359.0875,0.0002702053
-0.04417133,-0.0105139,-0.03733182,356.7267,341.318,359.1436,0.0001776343
-0.04411316,-0.01047337,-0.03750241,356.6895,341.4015,359.1764,0.0001232857
-0.04403853,-0.01043367,-0.03763157,356.6747,341.5312,359.251,0.0001986564
-0.04394364,-0.01042962,-0.03761983,356.6313,341.6548,359.3163,0.0003410328
-0.04389238,-0.01048875,-0.03763962,356.6031,341.7569,359.3177,0.0003009693
-0.04385757,-0.01059163,-0.03766394,356.6234,341.8556,359.2711,0.0001932373
-0.04381394,-0.0107224,-0.03764594,356.7,341.9404,359.2502,0.0001967026
-0.04380369,-0.0108577,-0.03760391,356.7977,342.0154,359.2457,0.000334443
-0.04372025,-0.01103258,-0.03733581,356.9377,342.1021,359.2299,0.0003460309
-0.04365969,-0.01113594,-0.03711712,357.0639,342.215,359.1974,0.0003093452
-0.04371619,-0.01127851,-0.03696436,357.1725,342.3489,359.1701,0.0002992635
-0.04386854,-0.01143241,-0.03696686,357.2731,342.4913,359.1324,0.0002385499
-0.04410696,-0.01149774,-0.03705484,357.3813,342.6279,359.1077,0.0001897863
-0.04426479,-0.01144624,-0.03702283,357.4505,342.8142,359.1072,0.0001813383
-0.04437351,-0.01148963,-0.03705531,357.5218,343.1021,359.0966,0.0001661468
-0.04419208,-0.01165676,-0.03691107,357.7051,343.5507,359.0183,0.0001539
-0.04378152,-0.01217067,-0.03675175,358.086,344.2186,358.7854,0.0001966322
-0.04307485,-0.01312959,-0.03650385,358.7805,345.1003,358.446,0.0002055112
-0.04219079,-0.01456225,-0.03626657,359.8192,346.189,358.0112,0.0002289327
-0.04113293,-0.01630771,-0.03601611,1.007794,347.4,357.4973,0.000175131
-0.03978896,-0.01829934,-0.0357008,2.294067,348.7303,356.8926,0.0001994365
-0.03801799,-0.02040207,-0.03541034,3.641824,350.3117,356.2679,0.000360072
-0.03592896,-0.02222216,-0.0352264,4.821198,352.0712,355.8091,0.0004039629
-0.03329134,-0.02363706,-0.03527087,5.770126,354.254,355.4412,0.0002595564
-0.03044486,-0.02496862,-0.03564894,6.609777,356.6382,355.1761,0.0002283404
-0.02746344,-0.02589476,-0.03638935,7.215521,359.1218,355.0949,0.0002395196
-0.02459788,-0.02647591,-0.03755629,7.608853,1.651567,355.0668,0.0002382105
-0.02180624,-0.02661777,-0.03875697,7.777934,3.962239,355.0998,0.0001963847
-0.0193522,-0.02659047,-0.04002279,7.718206,6.002172,355.1936,0.0003152341
-0.01710892,-0.02636433,-0.04123926,7.52914,7.855258,355.2649,0.0003213842
-0.01539874,-0.02620125,-0.04246515,7.262403,9.409278,355.3292,0.0002175504
-0.01375794,-0.02589166,-0.04361027,6.913073,10.78712,355.4339,0.0002482921
-0.01263881,-0.025576,-0.04467899,6.568574,11.88718,355.5818,0.0002563059
-0.01176667,-0.02518141,-0.04547781,6.226195,12.72597,355.7462,0.0001733024
-0.01121855,-0.02474511,-0.04595369,5.934081,13.2562,355.9651,0.0001648906
-0.01100302,-0.02434719,-0.04619664,5.640813,13.56612,356.158,0.0002287719
-0.0110178,-0.02388644,-0.04614413,5.347652,13.62195,356.4377,0.0003604845
-0.01131678,-0.02344096,-0.04608935,5.056361,13.5808,356.6777,0.0003815837
-0.01150012,-0.02283323,-0.04619724,4.774917,13.59375,356.9914,0.0002474045
-0.01162171,-0.02237988,-0.04614127,4.558102,13.6784,357.28,0.0002694895
-0.01179457,-0.02211046,-0.04626715,4.41903,13.86006,357.5722,0.0003337908
-0.01181459,-0.02186799,-0.04638845,4.341399,14.11144,357.7986,0.0002629846
-0.01181293,-0.02170253,-0.04644841,4.28623,14.38881,357.9691,0.0002185664
-0.01189756,-0.02165115,-0.04670823,4.227592,14.66684,358.0745,0.0002162624
-0.01194811,-0.02154362,-0.04683262,4.16797,14.89115,358.148,0.0001930163
-0.01209927,-0.02133977,-0.0467881,4.104933,15.04807,358.2021,0.0001550469
-0.01245975,-0.02122974,-0.04683638,4.044962,15.09071,358.2337,0.0001718189
-0.01285887,-0.02110374,-0.04686457,3.960756,15.08899,358.2118,0.0002003163
-0.01318741,-0.02094913,-0.04679996,3.844933,15.0859,358.2254,0.0001610812
-0.01352978,-0.02083838,-0.04676366,3.734889,15.11506,358.2226,0.0001667956
-0.0139153,-0.02079248,-0.04683685,3.667972,15.15333,358.2259,0.0002278075
-0.01418757,-0.0206871,-0.04690236,3.606499,15.21466,358.2541,0.0002656954
-0.01444221,-0.02044427,-0.0467183,3.540352,15.27776,358.3085,0.0002711188
-0.01480985,-0.02027357,-0.04660451,3.448261,15.32506,358.3479,0.0002034997
-0.01519847,-0.0199883,-0.04630083,3.275457,15.2945,358.3194,0.0001936426
-0.01571417,-0.01982737,-0.04603457,3.165525,15.18833,358.2784,0.0002823014
-0.01637578,-0.01969385,-0.04583573,3.135206,15.07576,358.33,0.0002579878
-0.01709628,-0.01955807,-0.04555839,3.104613,14.95255,358.3956,0.0002486762
-0.01783109,-0.01934898,-0.045353,3.041102,14.84027,358.5059,0.000228405
-0.01851511,-0.01925755,-0.04515028,2.988317,14.76327,358.6299,0.0002182144
-0.01907563,-0.01914549,-0.04499352,2.939493,14.74496,358.6961,0.0002640587
-0.01951504,-0.01913178,-0.04492068,2.911488,14.74527,358.7305,0.0003374368
-0.02000833,-0.01914477,-0.04477745,2.896859,14.73828,358.6993,0.0003443392
-0.020437,-0.01911783,-0.04438865,2.880879,14.70556,358.6679,0.0002515913
-0.02098727,-0.01908636,-0.04409921,2.839459,14.62953,358.725,0.0002207596
-0.02156854,-0.01902103,-0.04378062,2.871413,14.59827,358.848,0.0002468274
-0.0222764,-0.01895213,-0.04352081,2.937484,14.58839,358.9775,0.0001979952
-0.02295589,-0.01876211,-0.04317123,2.986023,14.54455,359.123,0.0002108187
-0.02373409,-0.01863885,-0.04282981,2.992057,14.44872,359.2192,0.0002885029
-0.02448153,-0.01841533,-0.04237521,2.978162,14.29864,359.2859,0.000356305
-0.02539873,-0.01830256,-0.04191101,2.904792,13.97881,359.2936,0.0002314818
-0.02663469,-0.018242,-0.0412094,2.760481,13.38793,359.2143,0.0001816758
-0.02776432,-0.01796269,-0.04056823,2.599807,12.78668,359.2797,0.0002036577
-0.02885771,-0.01774204,-0.03995907,2.545331,12.21141,359.446,0.0001445764
-0.03005004,-0.01756477,-0.03942907,2.555376,11.57757,359.5646,0.0001407804
-0.0311892,-0.01736367,-0.03901935,2.534297,10.87053,359.7131,0.000193443
-0.03232765,-0.01715124,-0.03856272,2.479062,10.06876,359.8814,0.0003253396
-0.03354955,-0.01694286,-0.03821087,2.442967,9.085266,0.1072522,0.0003525254
-0.0350461,-0.0166204,-0.03766572,2.434441,7.712809,0.4312225,0.0002607303
-0.0365932,-0.01624238,-0.03689259,2.383819,6.114035,0.8304149,0.000180851
-0.03817773,-0.01584184,-0.03614414,2.393149,4.393407,1.304026,0.0001953666
-0.0394938,-0.01554012,-0.03551644,2.428702,2.663986,1.758592,0.0001881066
-0.04065156,-0.01535904,-0.03506511,2.522508,0.9860299,2.140918,0.0001819774
-0.04165745,-0.01530612,-0.03473824,2.583716,359.4158,2.428208,0.0001905012
-0.04207087,-0.01500118,-0.0344891,2.602802,358.1188,2.699556,0.0001912991
-0.04213691,-0.0147711,-0.03446317,2.572961,357.0432,2.912013,0.0001968265
-0.04195881,-0.01441038,-0.03456289,2.362263,356.0865,3.013447,0.0002204145
-0.04116726,-0.01357961,-0.03475118,1.765867,355.3288,2.944479,0.0003149909
-0.03990889,-0.01286089,-0.03528643,1.139524,354.7481,2.745136,0.000229141
-0.03841186,-0.01246405,-0.03610486,0.5680749,354.2594,2.393104,0.0001698613
-0.03657317,-0.01217163,-0.03689545,0.04091122,353.8323,1.886719,0.0001524071
-0.03473067,-0.01202357,-0.03784513,359.5992,353.474,1.367034,0.0001621006
-0.03288555,-0.01196229,-0.03873473,359.2102,353.135,0.8890613,0.0003081379
-0.03117228,-0.01199889,-0.03959841,358.8564,352.848,0.4488578,0.0003856271
-0.02947927,-0.01194596,-0.0404616,358.5178,352.6119,0.1173666,0.0002342908
-0.02773094,-0.01187646,-0.04122311,358.1926,352.4279,359.8852,0.0001613033
-0.02587342,-0.01190162,-0.04206926,357.8997,352.3334,359.6942,0.0001298701
-0.0239284,-0.01196396,-0.04275805,357.67,352.303,359.4998,0.000152123
-0.02186918,-0.01220465,-0.04343694,357.5311,352.303,359.2775,0.0001477682
-0.01990843,-0.01270664,-0.04429942,357.4888,352.3204,358.9907,0.0001780192
-0.01791,-0.0131011,-0.04501057,357.4581,352.4111,358.7162,0.0002919503
-0.01591659,-0.0134207,-0.04573947,357.4393,352.5736,358.5036,0.000342233
-0.01405263,-0.01369083,-0.04639423,357.4197,352.7401,358.3743,0.000280843
-0.01227617,-0.01373923,-0.04702514,357.3285,352.9114,358.2971,0.000172603
-0.01068377,-0.01374912,-0.047517,357.1774,353.0703,358.2538,0.0001500283
-0.009345531,-0.0136826,-0.04801893,357.0284,353.2166,358.2245,0.0001557964
-0.008290768,-0.01373279,-0.04844671,356.9041,353.3594,358.1699,0.0001527226
-0.0074687,-0.01376271,-0.04885548,356.7947,353.5079,358.166,0.0002656404
-0.006848097,-0.01379609,-0.04921639,356.6889,353.6708,358.178,0.0003184808
-0.006395102,-0.013708,-0.04937959,356.5823,353.8214,358.1978,0.0003615044
-0.006199121,-0.01353335,-0.04948592,356.4644,353.9778,358.2842,0.0005021911
-0.006118298,-0.01312327,-0.04957879,356.3061,354.1501,358.3998,0.0003212869
-0.0062778,-0.01277459,-0.04985511,356.1347,354.3019,358.5525,0.0001661902
-0.006616592,-0.01245308,-0.05001342,355.9609,354.4146,358.6944,0.0003136782
-0.00715971,-0.01217878,-0.05011028,355.7982,354.4829,358.7912,0.0004687817
-0.007982254,-0.01208138,-0.05010647,355.7646,354.4681,358.8835,0.0003832568
-0.008912563,-0.01209199,-0.04980993,355.8126,354.4313,358.9087,0.0004956929
-0.009934425,-0.01223922,-0.04928005,355.9978,354.368,358.9273,0.0005079317
-0.01109791,-0.01251936,-0.04871833,356.2468,354.3154,358.9223,0.0002749216
-0.01227498,-0.01288605,-0.04782844,356.5823,354.2867,358.9069,0.0001588564
-0.01354003,-0.01329541,-0.04684496,356.9702,354.2629,358.9034,0.0001894096
-0.01483083,-0.01381135,-0.04583228,357.4258,354.2146,358.9067,0.0003739887
-0.01611924,-0.01437223,-0.04477024,357.8982,354.1345,358.8936,0.0004641779
-0.01742983,-0.01482618,-0.04381359,358.3392,354.0269,358.904,0.000536807
-0.01881909,-0.01509416,-0.04307312,358.6738,353.9115,358.9099,0.0005137027
-0.02021718,-0.01511133,-0.04259747,358.9124,353.8094,358.9518,0.0003702505
-0.02159548,-0.01475227,-0.0423032,358.9155,353.7677,359.0738,0.0004086783
-0.02299929,-0.01414657,-0.04219335,358.7551,353.7546,359.2771,0.0004653793
-0.02433515,-0.01347578,-0.04205149,358.543,353.7508,359.4745,0.0002810777
-0.0256176,-0.01297724,-0.04165524,358.4463,353.7086,359.6741,0.0001478447
-0.02693772,-0.01268256,-0.04114717,358.4487,353.6344,359.8199,0.0001511993
-0.02812576,-0.01273084,-0.04041386,358.5835,353.5584,359.8984,0.0001718057
-0.02915525,-0.01303911,-0.03944719,358.8282,353.4667,359.8932,0.000277067
-0.03003287,-0.01359296,-0.03833836,359.174,353.4065,359.7973,0.0003100929
-0.03069305,-0.01416528,-0.03710568,359.6196,353.3831,359.6471,0.0002183413
-0.03131604,-0.01454389,-0.03614324,359.9568,353.4066,359.5469,0.0001782667
-0.03194666,-0.01460838,-0.03552228,0.1387355,353.461,359.551,0.0001927042
-0.03258133,-0.01431298,-0.03523916,0.08972129,353.5266,359.6354,0.0002302948
-0.03324461,-0.01377404,-0.03518099,359.867,353.5971,359.7676,0.0001767581
-0.03387737,-0.01306713,-0.03519505,359.5533,353.6758,359.899,0.0002253627
-0.03451848,-0.0124656,-0.03523529,359.2796,353.7501,0.0140331,0.0004846035
-0.03510952,-0.01194859,-0.03522146,359.0941,353.8413,0.1299788,0.0007058824
-0.03563309,-0.01165724,-0.03509885,358.9891,353.9331,0.2416179,0.0006108528
-0.036057,-0.01142192,-0.03484637,358.9206,354.0024,0.3395531,0.0003501273
-0.03648806,-0.01129973,-0.03451198,358.866,354.0469,0.4016689,0.0002566504
-0.03686333,-0.01129007,-0.0341447,358.8749,354.0625,0.4625068,0.0005204492
-0.03728104,-0.01135826,-0.03383189,358.9316,354.0753,0.4747982,0.0006441686
-0.03756189,-0.01142681,-0.03363305,358.9861,354.0669,0.4901201,0.0004529249
-0.03792739,-0.01147616,-0.03363848,358.9951,354.0709,0.5245248,0.0002522217
-0.03809094,-0.0113976,-0.03362244,358.9424,354.1208,0.5838784,0.0001497776
-0.03805184,-0.01120138,-0.03368962,358.8588,354.2817,0.6801946,0.0001349077
-0.03777719,-0.01090193,-0.03393757,358.7621,354.7708,0.8631638,0.0001743893
-0.03716564,-0.01051486,-0.03418827,358.7082,355.4988,1.130011,0.0003024517
-0.03655267,-0.01023614,-0.03451741,358.6532,356.1841,1.417605,0.000198556
-0.0359261,-0.01006448,-0.03478527,358.6031,356.8292,1.650722,0.0001776343
-0.03537726,-0.01008523,-0.03516597,358.5964,357.4757,1.820591,0.0002452751
-0.03460908,-0.0099262,-0.03561544,358.5375,358.3539,2.104781,0.0002735251
-0.03373933,-0.009825349,-0.03633279,358.5867,359.3653,2.446577,0.0002859377
-0.03309798,-0.009827852,-0.03703791,358.6634,0.2971731,2.710998,0.0002094166
-0.03265262,-0.009794593,-0.03749126,358.6701,0.9691674,2.899534,0.0002270955
-0.03243184,-0.009701848,-0.03797704,358.6114,1.414885,3.020104,0.0003480676
-0.03246021,-0.009698987,-0.03835225,358.5208,1.695631,3.081111,0.0006474683
-0.03246379,-0.009683728,-0.03878313,358.4205,1.865748,3.109347,0.0007628296
-0.03248715,-0.009587169,-0.03925902,358.2634,2.008701,3.137246,0.0005253917
-0.03251553,-0.009473801,-0.03968531,358.0652,2.100607,3.15358,0.000488072
-0.03268504,-0.009391665,-0.04010379,357.8786,2.153489,3.143512,0.0003941386
-0.0328362,-0.00927937,-0.04046232,357.7403,2.203907,3.155156,0.0004548219
-0.03298664,-0.009192109,-0.04073495,357.6488,2.300377,3.171973,0.0003109465
-0.03318167,-0.009184241,-0.04093552,357.614,2.396321,3.219529,0.0001948365
-0.03332686,-0.009210229,-0.04102135,357.6078,2.42966,3.243995,0.0001995436
-0.03347826,-0.00924778,-0.0409615,357.6017,2.426251,3.233772,0.0002877175
-0.03364801,-0.009282231,-0.0408144,357.6119,2.371673,3.274374,0.0003090606
-0.03382373,-0.009343863,-0.04070699,357.6786,2.309263,3.314077,0.0002108983
-0.03392911,-0.00938952,-0.04045224,357.7379,2.262798,3.32762,0.000235296
-0.03402567,-0.009367466,-0.04032069,357.7786,2.222492,3.351038,0.0005894017
-0.03421402,-0.009363055,-0.04021877,357.7956,2.184969,3.35762,0.0008588167
-0.03441834,-0.009315729,-0.04003567,357.8079,2.16379,3.387983,0.0006243149
-0.03465533,-0.009296775,-0.03975916,357.8236,2.120959,3.422942,0.000318903
-0.03487277,-0.009272099,-0.03950012,357.8491,2.050875,3.452929,0.0003031688
-0.03505421,-0.009196043,-0.03918451,357.8986,1.977479,3.506581,0.0005097396
-0.03520656,-0.009171963,-0.03889364,357.9467,1.925589,3.551865,0.0006922949
-0.03538179,-0.009111404,-0.03859419,357.9857,1.879563,3.591401,0.000697354
-0.03542852,-0.008986354,-0.03836781,357.9977,1.862455,3.622318,0.0008257617
-0.03541541,-0.008970618,-0.03818238,358.0143,1.866474,3.646042,0.0005381994
-0.03542137,-0.008992791,-0.03803325,358.037,1.906194,3.678562,0.000406377
-0.03543663,-0.009025812,-0.03792304,358.0806,1.972696,3.71002,0.0004958322
-0.03531504,-0.00902164,-0.03779608,358.1326,2.086918,3.79391,0.0004136644
-0.03523493,-0.00900054,-0.03774303,358.1976,2.226225,3.89458,0.000449122
-0.03520942,-0.008982778,-0.03772932,358.2448,2.374043,4.025067,0.0003191163
-0.03520203,-0.008906484,-0.03767258,358.2242,2.477257,4.133349,0.000260298
-0.03527164,-0.008833528,-0.03763986,358.2013,2.532928,4.187386,0.0004600731
-0.03534412,-0.008802295,-0.03757477,358.219,2.539721,4.221257,0.0004721837
-0.03541446,-0.008688569,-0.03750223,358.2462,2.506526,4.23727,0.0002527592
-0.03553367,-0.008679032,-0.03743124,358.266,2.462896,4.251788,0.0001968932
-0.03576064,-0.008770108,-0.03748119,358.2671,2.398011,4.260736,0.0002385595
-0.03590155,-0.008829236,-0.03743666,358.2702,2.3385,4.246727,0.0003213341
-0.03603292,-0.008891225,-0.03748471,358.2649,2.30207,4.239059,0.0003508465
-0.03613591,-0.008884072,-0.03744715,358.2717,2.29394,4.242474,0.0006788572
-0.03621793,-0.008897185,-0.0374409,358.3042,2.290425,4.251293,0.0009449727
-0.0363462,-0.008930683,-0.03741449,358.3314,2.279304,4.252223,0.0006107019
-0.03641796,-0.008985877,-0.03730625,358.3657,2.257752,4.249572,0.0004003913
-0.03650498,-0.008923888,-0.03725791,358.3661,2.230422,4.267629,0.0004012304
-0.0365417,-0.008838654,-0.03721613,358.3466,2.185804,4.333191,0.0004055264
-0.03665757,-0.008697867,-0.03721488,358.3019,2.11643,4.427398,0.0004958856
-0.03670478,-0.008549333,-0.03728229,358.2802,2.043235,4.54953,0.0006294529
-0.03675342,-0.008397818,-0.03735125,358.2556,2.005213,4.67736,0.000592772
-0.03669977,-0.008226633,-0.03747797,358.2509,1.98802,4.816402,0.0003706374
-0.03669119,-0.008154988,-0.03764313,358.2595,1.958466,4.941495,0.0004484661
-0.03660393,-0.008111835,-0.03781271,358.2763,1.925554,5.029697,0.0006433015
-0.03648543,-0.008135796,-0.03785998,358.3124,1.880726,5.050292,0.0006350357
-0.03646874,-0.008272409,-0.0379287,358.3499,1.82665,5.043456,0.000327088
-0.03631806,-0.008368492,-0.03795958,358.4293,1.785686,5.003784,0.0002434803
-0.03625846,-0.008517504,-0.03797257,358.5208,1.696612,4.968516,0.0001836263
-0.03635955,-0.008684278,-0.03797555,358.6215,1.437626,4.905653,0.0002215406
-0.03659725,-0.008795261,-0.03780329,358.7279,0.9083328,4.81865,0.0003469106
-0.03714037,-0.009031534,-0.03755999,358.8195,0.06577574,4.631201,0.0003902054
-0.03802204,-0.009405494,-0.03709173,358.9449,358.803,4.292419,0.0006191003
-0.03915882,-0.01002002,-0.03644586,359.119,357.215,3.721047,0.0004729878
-0.04017806,-0.01086879,-0.03582478,359.4157,355.7114,2.964397,0.0003190599
-0.04087305,-0.01166511,-0.03513998,359.7722,354.4381,2.301788,0.0003580898
-0.04142904,-0.01237881,-0.03459114,0.09978622,353.3824,1.742544,0.0005706745
-0.04172516,-0.01279223,-0.03405702,0.3117772,352.6053,1.404094,0.0006192488
-0.04185748,-0.01299393,-0.03354895,0.466167,352.0332,1.252478,0.0004320849
-0.04204249,-0.0133127,-0.03317773,0.697074,351.6036,1.074314,0.0002404953
-0.04210329,-0.01359785,-0.0328356,0.9536901,351.2716,0.9003977,0.0002574539
-0.04218888,-0.01388454,-0.03268945,1.13009,350.9943,0.6866103,0.0004345157
-0.04219079,-0.01409698,-0.03252625,1.265424,350.7641,0.4685803,0.0005689466
-0.0421052,-0.01426673,-0.03228468,1.317284,350.5922,0.2950762,0.0004419142
-0.0420208,-0.01428092,-0.0322665,1.275046,350.4929,0.1703766,0.0002871552
-0.04180074,-0.01422882,-0.03226304,1.169671,350.4821,0.08476396,0.0002434675
-0.04152966,-0.01418006,-0.03232914,1.076086,350.5714,0.05519287,0.0002862329
-0.04113054,-0.01414847,-0.03237855,0.9786659,350.7227,0.01865539,0.0003406654
-0.04067826,-0.01416159,-0.03235102,0.8836643,350.8653,359.9243,0.0002918289
-0.04018545,-0.01422215,-0.0323965,0.8122666,350.9584,359.7857,0.0002022641
-0.03975654,-0.01437438,-0.03248912,0.7005154,351.0779,359.5973,0.0001789815
-0.0393579,-0.01450539,-0.03272456,0.5990624,351.2507,359.4131,0.0001945953
-0.0389123,-0.01449108,-0.03294438,0.5149683,351.4796,359.2622,0.0001527458
-0.03866982,-0.01437402,-0.03321189,0.3864479,351.7899,359.2079,0.000129931
-0.03855252,-0.01415944,-0.03344178,0.2636549,352.1265,359.2809,0.00018514
-0.03870988,-0.01393223,-0.03355122,0.2054544,352.4357,359.4406,0.0001793798
-0.03897238,-0.01367545,-0.03370595,0.1740068,352.6876,359.6691,0.0001505387
-0.03925824,-0.01347005,-0.03377843,0.1375508,352.8572,359.8796,0.0001778677
-0.0395565,-0.01337123,-0.03378493,0.1231659,352.9303,0.00515164,0.0002455703
-0.03984642,-0.01340699,-0.03368115,0.1660822,352.9475,0.02793031,0.0003065827
-0.04010415,-0.01352918,-0.03359658,0.2400107,352.9207,0.01376721,0.0004625342
-0.0402379,-0.01361585,-0.03346938,0.2978637,352.8837,359.981,0.0005379664
-0.04035449,-0.01373208,-0.03338856,0.342246,352.8619,359.9542,0.0004368688
-0.04048252,-0.01389968,-0.03335911,0.420429,352.8552,359.9252,0.0003476203
-0.04054761,-0.014099,-0.03337663,0.5234979,352.8589,359.8427,0.0005673913
-0.0405283,-0.01424968,-0.03340757,0.5862418,352.8753,359.769,0.0006760554
-0.04053307,-0.01430106,-0.03349483,0.5700426,352.9227,359.7165,0.0007408073
-0.04051566,-0.01428461,-0.03354317,0.5022157,352.9796,359.6935,0.0006038544
-0.04053545,-0.01422668,-0.03361994,0.4430556,353.0554,359.6974,0.0003174942
-0.04058218,-0.01415861,-0.03372496,0.4304392,353.1213,359.6902,0.0003746977
-0.04065371,-0.01410854,-0.0337593,0.4477995,353.1723,359.7227,0.0006630837
-0.04072118,-0.0140816,-0.03384763,0.4453779,353.2329,359.7436,0.0006341374
-0.04080701,-0.01408446,-0.03403312,0.4208865,353.3073,359.7714,0.0003260555
-0.04078674,-0.01403284,-0.03424597,0.3898048,353.3874,359.7916,0.0002277862
-0.04069638,-0.01398683,-0.03435576,0.3303713,353.4551,359.7944,0.0002193417
-0.04053235,-0.01382828,-0.03449178,0.2742659,353.5197,359.7923,0.000322213
-0.04024887,-0.01372313,-0.03464395,0.2186536,353.595,359.7936,0.0005204227
-0.03991365,-0.01357532,-0.0347777,0.1331994,353.6924,359.7884,0.0006002805
-0.03954506,-0.01352036,-0.0347991,0.04302929,353.7978,359.7433,0.0004117124
-0.03913307,-0.01351655,-0.03478175,359.9769,353.8717,359.6935,0.0002419551
-0.03875828,-0.01353049,-0.03472817,359.9316,353.9166,359.6216,0.000276982
-0.03851652,-0.01361847,-0.03467572,359.8822,353.9334,359.5612,0.0003034301
-0.03833842,-0.01366389,-0.03460604,359.8318,353.9489,359.4866,0.0002472474
-0.0382061,-0.01367974,-0.0344885,359.8271,353.9857,359.4402,0.0002516648
-0.03820443,-0.01378071,-0.03451282,359.8462,354.0243,359.464,0.0002275903
-0.03826165,-0.01379001,-0.03455788,359.8969,354.0808,359.5436,0.0002220545
-0.03826976,-0.01375782,-0.03458846,359.9536,354.0907,359.6429,0.0002350404
-0.0383389,-0.01372457,-0.03453702,359.9667,354.0643,359.6921,0.0003090616
-0.03839493,-0.01369357,-0.03448981,359.9558,354.0207,359.6967,0.0002159326
-0.03845096,-0.0137229,-0.03466368,359.9737,354.0045,359.6948,0.0001765438
-0.03840947,-0.01379621,-0.03475899,-0.0004866918,354.0508,359.7259,0.0001971271
-0.03838396,-0.01386166,-0.03485566,0.01428404,354.1072,359.7807,0.0002937302
-0.03828025,-0.01386869,-0.03492272,0.0003605693,354.1232,359.7855,0.0003821596
-0.03826618,-0.01387846,-0.03505486,359.9451,354.0924,359.7715,0.0005967066
-0.03819156,-0.01387906,-0.0351212,359.8872,354.0448,359.7422,0.0005581418
-0.03805757,-0.01385617,-0.03509003,359.8589,353.9658,359.6958,0.0003501195
-0.03808951,-0.01384664,-0.03494501,359.8334,353.7628,359.669,0.0004181223
-0.03839612,-0.01384676,-0.03471422,359.7215,353.2947,359.5804,0.0003072575
-0.03889775,-0.0138458,-0.03444082,359.5958,352.6527,359.4409,0.000186982
-0.03950286,-0.01386547,-0.0341301,359.4329,351.9447,359.3031,0.0001796106
-0.04010272,-0.01383185,-0.03377062,359.2633,351.2093,359.1371,0.0002261503
-0.04068565,-0.0138588,-0.03353971,359.1208,350.524,358.963,0.0002976669
-0.04114747,-0.01375592,-0.03325993,358.9692,349.9201,358.8559,0.0003065416
-0.0415976,-0.01360118,-0.03294426,358.7711,349.3084,358.7739,0.0003031973
-0.04211068,-0.01353276,-0.03273314,358.5749,348.7314,358.6745,0.0003425854
-0.0425961,-0.01341522,-0.03256649,358.3956,348.137,358.568,0.0004189706
-0.04299474,-0.01337409,-0.03241831,358.2544,347.5842,358.4441,0.0004510961
-0.0433383,-0.01350141,-0.03234679,358.1671,347.131,358.2471,0.0004626974
-0.04364228,-0.01374304,-0.03235066,358.1339,346.8061,358.0593,0.0004648153
-0.04371142,-0.0138731,-0.03225517,358.1351,346.6154,357.9457,0.0005257272
-0.04384279,-0.01395607,-0.0322001,358.1453,346.5473,357.931,0.0006222381
-0.04391551,-0.01398826,-0.03218478,358.2044,346.5815,357.9988,0.0005560257
-0.04392314,-0.01396918,-0.03217751,358.2899,346.6972,358.0999,0.0003397444
-0.04401231,-0.01404309,-0.03226191,358.3548,346.7857,358.1991,0.0002871952
-0.04414225,-0.01412666,-0.03238016,358.4233,346.8416,358.2842,0.0002900709
-0.04425192,-0.01414669,-0.03244245,358.4762,346.8716,358.3456,0.000332196
-0.04442883,-0.01417291,-0.03257042,358.5272,346.8889,358.4149,0.0002858094
-0.0444088,-0.01407993,-0.03259748,358.5573,346.8892,358.4778,0.0003463608
-0.04446959,-0.0140357,-0.03258544,358.5662,346.8692,358.5181,0.0005395629
-0.0444746,-0.013937,-0.0325712,358.5456,346.843,358.535,0.0004540994
-0.0444622,-0.01391304,-0.03251243,358.5561,346.8334,358.544,0.0002321876
-0.04444075,-0.01393056,-0.03251696,358.5852,346.87,358.5486,0.0002167573
-0.04435229,-0.01399422,-0.03252089,358.6276,346.9505,358.5737,0.0002387793
-0.04420233,-0.01409316,-0.03261745,358.6721,347.0574,358.5898,0.0002462847
-0.04393101,-0.01418519,-0.03267318,358.7223,347.1878,358.5936,0.0002074369
-0.04355931,-0.01419616,-0.03267407,358.7569,347.345,358.5763,0.0002444705
-0.04326892,-0.01417279,-0.03266966,358.7625,347.4874,358.5652,0.0004549846
-0.04302335,-0.01415634,-0.03282583,358.7462,347.5904,358.5717,0.0008246278
-0.04279923,-0.01413953,-0.03289312,358.7054,347.67,358.5613,0.0008493762
-0.04262543,-0.01412809,-0.03291631,358.6751,347.6982,358.5603,0.0004607879
-0.04251027,-0.01414347,-0.03302884,358.6327,347.7024,358.548,0.0003678105
-0.04240799,-0.014112,-0.03314227,358.6059,347.6956,358.5447,0.000577402
-0.0422883,-0.01407444,-0.03328979,358.5781,347.6976,358.5494,0.0008657419
-0.04212022,-0.01404881,-0.03339845,358.566,347.7159,358.5557,0.0007642867
-0.04198861,-0.01403713,-0.03346729,358.5476,347.7392,358.57,0.000418486
-0.04189444,-0.01408625,-0.03357375,358.5395,347.7701,358.553,0.0005406045
-0.04184389,-0.01411951,-0.03360456,358.5647,347.7834,358.5598,0.001176944
-0.04181576,-0.01412892,-0.03365064,358.5785,347.7905,358.5688,0.001519143
-0.04176712,-0.01415992,-0.03368169,358.5956,347.7771,358.5588,0.000991755
-0.04172277,-0.01415801,-0.03384799,358.5862,347.7612,358.5329,0.0007632354
-0.04164338,-0.0140903,-0.03407806,358.5486,347.7834,358.5333,0.0008799672
-0.0416007,-0.01400375,-0.03428262,358.4777,347.8462,358.5657,0.001045461
-0.04151082,-0.01383448,-0.0343644,358.4055,347.9153,358.6167,0.0006709127
-0.0415132,-0.01374626,-0.0344708,358.3373,347.965,358.6559,0.0004400378
-0.04149222,-0.01373434,-0.03457952,358.3093,348.0542,358.6674,0.0004809063
-0.04120088,-0.01384163,-0.03475779,358.3988,348.4264,358.712,0.0003905426
-0.04074669,-0.01403534,-0.03499663,358.5637,348.9358,358.7371,0.0003228505
-0.04003358,-0.01429045,-0.03526187,358.7629,349.6421,358.7298,0.0003662005
-0.0392077,-0.01466,-0.03561193,359.0357,350.462,358.7436,0.0002619253
-0.03826594,-0.01501763,-0.03604817,359.3502,351.2971,358.7746,0.0002328134
-0.03726697,-0.01532149,-0.03625387,359.678,352.1146,358.7483,0.0002628434
-0.03640175,-0.01585948,-0.03670084,0.0649571,352.9261,358.7147,0.0003505893
-0.03555846,-0.01635623,-0.03698999,0.41881,353.6885,358.6891,0.0005404434
-0.03470826,-0.01664567,-0.0371173,0.6704136,354.386,358.6479,0.0004877039
-0.03392172,-0.01690829,-0.03740388,0.8654637,355.0595,358.5686,0.0003421027
-0.0331974,-0.01718807,-0.0377149,1.046985,355.6906,358.4925,0.0004111176
-0.0326767,-0.01745331,-0.03799087,1.18254,356.1889,358.4472,0.0005286723
-0.03228307,-0.01758337,-0.03807712,1.235942,356.5816,358.3824,0.0003652212
-0.03203082,-0.01761079,-0.03819293,1.263922,356.9209,358.3715,0.0003221227
-0.03189969,-0.0176816,-0.03824925,1.337478,357.1926,358.4164,0.0002887955
-0.03182554,-0.01758969,-0.03831196,1.414553,357.435,358.5139,0.00024077
-0.03170657,-0.01749671,-0.03839117,1.484916,357.6806,358.6474,0.0002298441
-0.03163624,-0.01746202,-0.03840148,1.569718,357.913,358.8515,0.0002601614
-0.03166533,-0.01744676,-0.0384236,1.646874,358.0829,359.0286,0.0003014957
-0.03177595,-0.01740718,-0.03842753,1.678273,358.186,359.1405,0.0003043707
-0.03201246,-0.01735163,-0.0383817,1.665913,358.1969,359.1985,0.0003785554
-0.03235531,-0.01724136,-0.03826433,1.589495,358.0609,359.2029,0.0004407018
-0.03279042,-0.01705396,-0.03813702,1.477741,357.8489,359.2092,0.0003842259
-0.03318357,-0.01688588,-0.03803754,1.378707,357.6948,359.2458,0.0005268384
-0.03352261,-0.01668334,-0.03799742,1.31392,357.5979,359.3365,0.0006378174
-0.03380466,-0.01660454,-0.03797549,1.260115,357.5458,359.4485,0.0005571141
-0.03393984,-0.01652038,-0.03794259,1.257642,357.5142,359.5309,0.0005757061
-0.03394842,-0.01654446,-0.03798175,1.296723,357.4472,359.6003,0.0005504607
-0.03387141,-0.01658297,-0.03805542,1.240281,357.4059,359.5081,0.0003961787
-0.03369212,-0.01653337,-0.03807771,1.111821,357.3903,359.422,0.0003122661
-0.03340912,-0.01647556,-0.03775764,0.9548944,357.3882,359.3792,0.0003552596
-0.0332582,-0.01643121,-0.0374611,0.8593683,357.3739,359.2856,0.0003189744
-0.03330183,-0.01647127,-0.03731412,0.9182891,357.3311,359.2286,0.0002543681
-0.03342295,-0.01647627,-0.03725761,1.047604,357.3027,359.2765,0.0002992039
-0.03352642,-0.01644981,-0.03722692,1.122651,357.3205,359.3629,0.0002934736
-0.03352046,-0.01632166,-0.0372231,1.102335,357.3757,359.4171,0.0002109504
-0.03341889,-0.01607478,-0.03722137,0.9863557,357.4698,359.402,0.0002161524
-0.03342509,-0.01582885,-0.03740066,0.9027066,357.5204,359.4101,0.0002260796
-0.033571,-0.01565158,-0.03778088,0.8372664,357.5193,359.3607,0.000342573
-0.03387785,-0.01551485,-0.038378,0.7721949,357.4711,359.3174,0.0004781109
-0.03418517,-0.0153178,-0.03898782,0.6795719,357.4499,359.3467,0.0004429998
-0.03457022,-0.01514697,-0.03963023,0.6294095,357.4409,359.4137,0.000268851
-0.03482246,-0.01491284,-0.04018319,0.5073838,357.412,359.5917,0.0003026281
-0.03491831,-0.01455975,-0.040582,0.2889811,357.4674,359.7226,0.0005669611
-0.03488088,-0.01428008,-0.04073888,0.1638107,357.5422,359.8242,0.0009194314
-0.03470993,-0.01399529,-0.04071534,0.1215283,357.5651,359.9202,0.000877096
-0.03426337,-0.01366341,-0.04052794,0.0738193,357.581,359.9662,0.0004770496
-0.03362608,-0.01343095,-0.04016209,0.03084549,357.5612,359.9828,0.0005519327
-0.0330801,-0.01345789,-0.03980321,359.989,357.5843,359.897,0.0006276174
-0.03253365,-0.01357305,-0.0393936,359.9879,357.6577,359.8273,0.0004231546
-0.03208041,-0.0135777,-0.03897291,0.002666483,357.7435,359.8206,0.0002736009
-0.03173208,-0.01361263,-0.03856295,0.02490206,357.7681,359.8487,0.0002649306
-0.03149033,-0.0136075,-0.03802592,359.9627,357.7883,359.7973,0.0003316244
-0.03142595,-0.01357841,-0.03754383,359.9567,357.7989,359.7649,0.0003754302
-0.03153682,-0.01358211,-0.03709388,0.001078397,357.765,359.8156,0.0005212451
-0.03180003,-0.01363266,-0.03660315,0.03347922,357.7181,359.8178,0.0006369741
-0.0322299,-0.01383114,-0.03626251,0.1826664,357.6428,359.8659,0.0005173142
-0.03267837,-0.01398444,-0.03592354,0.2962156,357.5846,359.9196,0.0002475881
-0.03307724,-0.01403713,-0.03563702,0.3109762,357.6094,359.9748,0.0002795845
-0.0333848,-0.01413035,-0.0354442,0.361374,357.6862,0.009301714,0.0005664831
-0.0337038,-0.01423788,-0.03540266,0.4644985,357.7992,0.008559776,0.0006306142
-0.03386307,-0.01435995,-0.03540552,0.544899,357.9928,359.9784,0.0005004435
-0.03373098,-0.0144223,-0.03552514,0.6059401,358.3846,359.8703,0.0003416075
-0.03336215,-0.01446342,-0.03578639,0.7116482,358.9645,359.7516,0.0004027872
-0.03314281,-0.014516,-0.03587604,0.7860273,359.4122,359.6942,0.0007912301
-0.0332067,-0.01465011,-0.0357517,0.8613898,359.5977,359.6101,0.0007782542
-0.03352642,-0.0147227,-0.03544176,0.9290547,359.5445,359.5854,0.0004347273
-0.03395653,-0.01475132,-0.03512937,0.9393236,359.3462,359.5864,0.0003235698
-0.03448677,-0.01481581,-0.03474063,0.9587655,359.0653,359.5872,0.0003465807
-0.03516221,-0.01493585,-0.03432167,1.000915,358.7758,359.6221,0.0002597587
-0.03574109,-0.01500535,-0.03401577,1.046162,358.5012,359.6605,0.0002239661
-0.03618383,-0.01500797,-0.03375649,1.100114,358.2761,359.7028,0.0002829905
-0.03651285,-0.01497245,-0.03356284,1.115858,358.0942,359.7547,0.0002720189
-0.03677702,-0.01486838,-0.0333454,1.088423,357.9514,359.8101,0.0002726123
-0.03697252,-0.01474714,-0.03315961,1.0398,357.8029,359.8734,0.0002567257
-0.03714609,-0.01456714,-0.03312749,0.9643115,357.6792,359.9333,0.0002339017
-0.03720069,-0.01438975,-0.03305519,0.9141889,357.5629,0.005481049,0.000263111
-0.03719974,-0.01421416,-0.03298855,0.8369936,357.4474,0.04397281,0.0003934227
-0.03700829,-0.01408863,-0.03283095,0.7712696,357.3426,0.1031749,0.0006942139
-0.03680754,-0.01406813,-0.03275967,0.6921169,357.252,0.09279322,0.0007143522
-0.03657222,-0.01411366,-0.03273267,0.6684523,357.2036,0.05473434,0.0004620801
-0.0362649,-0.01414657,-0.03265744,0.6642979,357.1646,0.05626927,0.0003757795
-0.03597474,-0.01422679,-0.03268343,0.6542565,357.1198,0.01093094,0.0003617046
-0.03566074,-0.01429045,-0.03277224,0.6204557,357.0643,359.9295,0.0004689818
-0.03546262,-0.01432705,-0.03293324,0.5811056,357.0309,359.8775,0.0003913673
-0.03516603,-0.0143075,-0.03293133,0.5614485,357.0237,359.8845,0.0002913954
-0.03491497,-0.0142827,-0.03289109,0.5511089,357.0502,359.8861,0.0002219898
-0.0346787,-0.01430559,-0.03287458,0.5564969,357.0864,359.889,0.0002201053
-0.03456187,-0.0143261,-0.03294557,0.5595577,357.1053,359.8755,0.0002697094
-0.03444767,-0.01435196,-0.03301734,0.5618875,357.103,359.8594,0.0002232457
